"order_id","product_1","product_2","product_3","product_4","product_5","size_1","size_2","size_3","size_4","size_5","discount_code","customer_id","ad_route"
"#rh7786",55680,68703,NA,NA,NA,11.5,4.5,NA,NA,NA,NA,"qh4214202",0
"#hp6101",77436,NA,NA,NA,NA,6.5,NA,11,NA,NA,NA,"rl2124478",0
"#pS3050",53900,53232,NA,NA,NA,7.5,4.5,NA,NA,NA,NA,"hs3171544",0
"#qo5319",93356,29653,80524,NA,NA,6,8,4,NA,NA,NA,"ck3298710",0
"#Mm8902",96316,NA,NA,NA,NA,12,NA,NA,NA,NA,NA,"ss6001158",0
"#HV2797",27868,89031,96257,NA,NA,9,5,11,NA,NA,"stu20","hb4655207",0
"#pZ3287",50694,68703,NA,23220,NA,4,7.5,NA,11.5,NA,NA,"ye9728336",0
"#wx3795",47582,NA,NA,NA,NA,12,NA,NA,4,NA,"join15","mb6000682",0
"#Bt7600",38525,NA,NA,NA,NA,12,NA,NA,NA,NA,NA,"kb3700020",152473
"#bJ4952",24627,NA,NA,NA,NA,12,NA,NA,5.5,NA,"join15","ab2148526",0
"#QT7702",80115,23220,53572,47582,NA,11,8.5,7.5,4,NA,"jan5","ea7812662",0
"#yV9984",47582,53232,64656,68025,NA,12,6.5,5,10.5,NA,"xmas10","es7785006",0
"#Fh6391",94956,55856,61218,54659,41463,12,8,9,10.5,6.5,"xmas10","tl5101514",0
"#Pc8762",19337,71719,28093,73481,NA,9.5,7,8,9.5,NA,NA,"bb1621733",919712
"#XQ5654",68703,60953,80524,NA,NA,8.5,5,8,NA,NA,"xmas10","ja3563724",0
"#yj8155",53900,71719,28370,NA,NA,4.5,7.5,6.5,NA,NA,"xmas10","ty3615284",590530
"#An4195",73481,53806,NA,NA,NA,7,6,NA,NA,NA,NA,"ah4728764",0
"#wx6137",99318,79682,88180,NA,NA,9.5,6,9.5,NA,NA,"xmas10","oj4382266",645103
"#XF9481",45589,21097,32032,NA,NA,10.5,10,4.5,NA,NA,NA,"bs3409748",0
"#zB9674",82823,88180,NA,13506,NA,8,7,NA,7,NA,"join15","mp7218399",0
"#UJ2410",85013,38525,38525,71344,NA,4,8.5,8.5,9,NA,"join15","ts5026493",313855
"#eW7749",26232,63115,80524,NA,NA,12,5,9.5,NA,NA,"join15","hs4852194",0
"#xj0505",55027,NA,NA,NA,NA,5,NA,10.5,11.5,NA,"stu20","bd8885707",466687
"#VZ7728",96055,NA,NA,NA,NA,11,NA,4,4.5,NA,"xmas10","ld5005967",0
"#rr4448",32461,93213,NA,NA,NA,9.5,8.5,NA,NA,NA,"jan5","bh4307849",0
"#Hn3831",27868,NA,NA,NA,NA,5,NA,4,NA,NA,"jan5","pn2709110",572513
"#fv7432",32459,38525,13562,NA,53806,8,9,11,NA,4,NA,"fs5636516",0
"#Gh2436",77436,NA,NA,NA,NA,11,NA,NA,NA,NA,"xmas10","bc5605866",0
"#wK9737",28093,NA,NA,NA,NA,5.5,NA,NA,NA,NA,"join15","un1803153",0
"#JE9268",93356,68167,17273,NA,NA,7,9,9.5,NA,NA,"stu20","ph8329792",0
"#bm4071",28093,NA,NA,NA,NA,10,NA,NA,NA,NA,NA,"sc2593398",0
"#rw3635",55856,71344,23220,94611,NA,11,8,10.5,4,NA,"join15","lm5853449",0
"#kW2346",71344,55856,73481,NA,NA,9,10.5,7.5,NA,NA,"stu20","ss1925164",0
"#wQ5453",66474,71719,NA,NA,NA,5,6,NA,NA,NA,"xmas10","ck4611240",0
"#LX8138",16458,96316,52491,85013,NA,11.5,11.5,11,10.5,NA,"xmas10","ad3987065",0
"#jR8293",82823,26232,20742,NA,79380,4.5,7,11,NA,12,"join15","gl4712025",0
"#oH0660",19857,84955,55027,NA,NA,4,10,7.5,NA,NA,"xmas10","gm5602116",0
"#YL9703",23267,84955,53232,16458,NA,8,11.5,9.5,4,NA,"xmas10","hs3787468",0
"#BI2220",19857,50694,19842,NA,84955,4.5,9.5,8.5,NA,4.5,"xmas10","cg4278815",0
"#ke2065",17273,NA,NA,NA,NA,6,NA,9.5,NA,NA,NA,"lb4759289",370666
"#Jh1188",55856,NA,NA,NA,NA,10.5,NA,NA,12,NA,"jan5","ct8948609",211633
"#Yg2998",17273,52491,NA,NA,NA,7,11.5,NA,NA,NA,NA,"cv6907114",0
"#IA6332",79682,47382,75578,53806,NA,4.5,10,8.5,5.5,NA,NA,"jg9967872",733305
"#oT3443",41463,83883,NA,63115,NA,11,6.5,NA,9,NA,NA,"mt2652536",0
"#eG4563",76354,85013,83731,32032,NA,9,10,9.5,4,NA,"jan5","sr1143929",532859
"#bx2699",42435,53232,NA,96316,NA,4.5,5,NA,11,NA,NA,"ss5133584",557229
"#ox6850",61218,71344,98195,63115,NA,9,7.5,12,11.5,NA,"xmas10","bp1985041",946073
"#Gb1314",13562,71344,NA,93356,NA,12,9,NA,9,NA,NA,"ds4698004",0
"#wT9338",88180,73557,12675,50694,NA,10.5,11.5,4.5,10,NA,NA,"ck8935846",0
"#qn9677",13506,NA,NA,NA,NA,4.5,NA,NA,11,NA,"xmas10","ng1009174",0
"#rQ6249",24627,88180,53806,NA,NA,11,9,9,NA,NA,NA,"fm7258665",0
"#id9822",55680,19857,32461,NA,53900,9.5,5.5,10,NA,9.5,NA,"as8917982",0
"#sq6290",32461,56998,NA,93213,NA,8,8.5,NA,8,NA,"stu20","gh6011145",0
"#Qf8124",96316,32461,54268,NA,NA,5.5,9,11,NA,NA,"xmas10","rp1786945",0
"#Uj6615",40781,75189,28370,NA,NA,6,6.5,10.5,NA,NA,NA,"mm9931872",0
"#AK1679",21097,83731,NA,NA,NA,11,12,NA,NA,NA,"join15","hc1796500",194780
"#DD1703",99318,96055,19857,55856,NA,7,10.5,4.5,10.5,NA,"join15","ks5125474",790677
"#sb3009",96257,16458,NA,28370,NA,4,10,NA,4.5,NA,"xmas10","rs7756169",0
"#Bq9692",88180,65800,NA,NA,NA,5.5,9,NA,NA,NA,"xmas10","cw7157103",0
"#Ej9450",60953,62953,73557,60953,NA,4,6.5,9.5,6,NA,NA,"cr7509195",0
"#Iw4117",68167,55856,54268,NA,NA,10.5,4.5,11,NA,NA,NA,"ps5322554",0
"#kr6425",60953,41463,NA,NA,29653,9,9.5,NA,NA,10,NA,"dg4141841",656658
"#TI5902",47753,99608,68167,21097,NA,10.5,7,8,5.5,NA,NA,"nf9194377",0
"#oG6041",56140,20742,NA,93213,NA,4,8,NA,12,NA,NA,"wc7983804",0
"#Dx3095",47382,43985,NA,83883,NA,9.5,7,NA,7,NA,"xmas10","gp1059133",0
"#Ls9548",53572,83731,29254,NA,NA,9.5,4,11,NA,NA,NA,"dm7377963",0
"#Or8717",40781,65800,73481,NA,NA,9.5,8.5,11.5,NA,NA,"join15","ds8465476",0
"#hG6895",45589,66474,71719,NA,39218,7.5,4,5.5,NA,5.5,NA,"at8967219",504353
"#hI9386",99608,89031,NA,NA,NA,9.5,10.5,NA,NA,NA,NA,"bb4142187",0
"#XH1746",42435,20742,32461,54268,NA,7,11.5,6,9.5,NA,NA,"aj6548292",442878
"#AM5703",53806,85013,80115,99318,NA,6.5,8.5,10.5,7.5,NA,"join15","fv8044955",313855
"#mA7298",23220,NA,NA,NA,NA,6,NA,NA,8.5,NA,NA,"ds6977860",0
"#wa7994",32461,NA,NA,NA,NA,10,NA,6,NA,NA,"stu20","sm9110632",0
"#GH4913",79682,56140,54268,62953,NA,5.5,8.5,11,10,NA,NA,"sb9505583",0
"#cV5503",88180,32461,84167,NA,NA,5,4,9,NA,NA,"jan5","cs1859111",329441
"#mD8553",65800,93213,NA,NA,NA,5,8.5,NA,NA,NA,"jan5","bd3709183",0
"#XA2921",94611,12675,68703,NA,NA,12,11,4.5,NA,NA,"join15","mm1397949",0
"#PE2549",73481,96257,NA,55680,NA,10.5,10,NA,4.5,NA,"join15","ep5822212",0
"#DX8416",19842,19337,NA,NA,NA,10.5,9,NA,NA,NA,NA,"fl9397972",0
"#hz1777",68241,56998,54659,NA,NA,9.5,6,11.5,NA,NA,NA,"ad8137651",280317
"#LT7490",68025,79682,NA,65800,NA,6.5,12,NA,7,NA,"xmas10","fv4127517",192330
"#SU3305",18638,94611,NA,NA,NA,7,8.5,NA,NA,NA,"join15","lg6578344",713527
"#cl5976",20742,56998,15720,NA,NA,4.5,11.5,6,NA,NA,"join15","bt2237934",0
"#md9122",85013,63115,53900,NA,NA,10.5,9,5.5,NA,NA,"xmas10","gb7789808",900468
"#Ge9210",83883,73481,NA,NA,NA,11,6.5,NA,NA,NA,"jan5","dm6375732",0
"#wa9123",71719,NA,NA,NA,NA,9.5,NA,4,NA,12,NA,"ob6208548",281857
"#qP0031",83883,83731,NA,17273,NA,11.5,6,NA,9.5,NA,NA,"da1894324",0
"#zv6543",68167,76354,NA,53572,NA,7.5,4,NA,4.5,NA,"xmas10","gw8171045",767065
"#dZ7694",26232,89031,28093,73481,NA,9.5,6,10,6,NA,NA,"em4524954",0
"#Rl4262",54268,17273,52491,16458,NA,11,4,11,6,NA,NA,"bb5100660",0
"#Rb7269",93356,NA,NA,NA,NA,7.5,NA,NA,NA,5.5,"join15","sa5084558",286869
"#EN2824",73557,NA,NA,NA,NA,6.5,NA,12,NA,NA,NA,"aj7779703",720709
"#GK7373",68025,99318,87193,NA,NA,6.5,11.5,11,NA,NA,"join15","sf8484667",0
"#Nq1619",38525,85007,NA,40781,NA,4.5,4,NA,10,NA,"xmas10","ah5471713",0
"#bt6878",23267,93356,10199,88180,NA,5,5.5,4,6.5,NA,"xmas10","mf8106653",524615
"#OV9600",27868,77436,NA,75189,NA,8,12,NA,12,NA,"stu20","pp7200613",851672
"#az5597",13506,NA,NA,NA,NA,10,NA,8,NA,10.5,"stu20","im7036150",0
"#jt9913",84955,NA,NA,NA,NA,4,NA,8.5,7,NA,"jan5","hm6843437",0
"#KY5577",82823,97721,NA,NA,NA,4,6,NA,NA,NA,"jan5","sp2354730",0
"#Zv5885",13506,NA,NA,NA,NA,8.5,NA,10.5,NA,5.5,"stu20","fr5225643",656658
"#DO5754",56998,61218,NA,NA,NA,12,10,NA,NA,NA,"stu20","sc1993104",0
"#pm7025",56998,18638,NA,NA,NA,6,4,NA,NA,NA,"stu20","fg3798505",0
"#DV3951",29653,NA,NA,NA,NA,8.5,NA,7,NA,NA,"xmas10","lb1259111",820342
"#sE0371",19857,50783,NA,53572,NA,8,6,NA,8.5,NA,NA,"ce8735380",0
"#de2464",18638,NA,NA,NA,NA,9.5,NA,NA,12,NA,"xmas10","li8911565",566441
"#DP6231",80115,38525,55680,47941,NA,4.5,4,6,7.5,NA,NA,"fj2162367",0
"#VC5112",66474,84955,84167,87193,NA,4,7,8,9,NA,NA,"bd7786792",0
"#yU5024",75189,NA,NA,NA,NA,5,NA,NA,11.5,NA,"join15","rh6186238",0
"#Rk1388",55856,42435,83731,68167,NA,6.5,7.5,11,4,NA,NA,"wr7107154",0
"#hx9985",39218,28093,47382,47582,NA,5,10,9,11.5,NA,"xmas10","sh8984949",253613
"#tw0273",19857,54268,73557,47753,NA,10.5,9,8,12,NA,NA,"sy9146289",0
"#oa8112",62953,NA,NA,NA,NA,4,NA,4,NA,NA,"stu20","bm2197226",0
"#UA9406",97721,68703,NA,NA,NA,5,6.5,NA,NA,NA,NA,"ba2029870",0
"#CM0243",21097,13562,98195,93356,NA,7.5,11,12,5,NA,"xmas10","ap9108160",0
"#he2655",93213,NA,NA,NA,NA,9.5,NA,11.5,NA,NA,"join15","lh1550347",394834
"#mH0376",76354,12675,54659,NA,NA,8.5,9.5,9.5,NA,NA,NA,"al2473096",0
"#FJ3018",18638,79380,32461,NA,NA,8.5,7,4.5,NA,NA,"stu20","kc8937230",836106
"#xW7634",68025,77436,97721,NA,NA,9.5,8.5,11.5,NA,NA,NA,"hg9153824",0
"#Bw1886",89894,32032,50694,56998,NA,11.5,8.5,12,11.5,NA,"join15","am9198292",0
"#FO2719",96055,71344,NA,NA,NA,4,10.5,NA,NA,NA,NA,"bh6683025",0
"#OJ4091",75189,39218,56140,53900,NA,10,10,4,8,NA,"xmas10","ag5810904",608360
"#eu4474",21097,85007,54659,NA,NA,7,5.5,6,NA,NA,NA,"ip7146566",0
"#VM4631",68241,27868,23220,NA,NA,6.5,7.5,12,NA,NA,NA,"bd5192239",0
"#SW8036",54659,56140,43985,NA,NA,10.5,7.5,4,NA,NA,"stu20","rs7608117",0
"#hC7077",50694,24627,53806,NA,NA,6,9,7,NA,NA,NA,"kw9746453",790677
"#Aw9543",61218,NA,NA,NA,NA,9.5,NA,8,10.5,NA,"jan5","cg6212529",991765
"#PS6770",61218,27868,54659,NA,NA,12,8.5,11.5,NA,NA,NA,"hk6964779",0
"#iE3779",35650,16458,NA,NA,NA,5.5,5,NA,NA,NA,"stu20","em4792733",0
"#pr8327",55856,68025,55680,NA,NA,4.5,10,11,NA,NA,"stu20","sd3995121",0
"#fU5548",99608,23220,NA,32459,NA,10.5,5,NA,7,NA,"jan5","dg9073243",0
"#mo6859",12675,83731,NA,NA,19337,10,4,NA,NA,11,"xmas10","ct8347524",0
"#Hs7527",80115,60953,NA,94611,NA,10.5,9.5,NA,5.5,NA,NA,"cn3800582",0
"#ia0795",41463,NA,NA,NA,NA,6.5,NA,NA,NA,NA,"jan5","md9900844",0
"#Au5760",79380,NA,NA,NA,NA,7,NA,8.5,NA,NA,"join15","ku4986906",0
"#hJ5277",15720,83731,NA,NA,85007,6.5,4.5,NA,NA,4.5,NA,"ac6726271",0
"#XR3186",19842,20742,NA,NA,NA,7.5,6.5,NA,NA,NA,NA,"sr3743348",0
"#uI6179",68241,98195,55856,NA,NA,8.5,4.5,7.5,NA,NA,NA,"cs2067200",0
"#Tt4666",65800,NA,NA,NA,NA,9,NA,NA,NA,NA,NA,"nk2407089",0
"#wv6708",23267,63115,NA,NA,NA,6,5.5,NA,NA,NA,NA,"cv2278124",0
"#uO5682",39218,84955,NA,29653,NA,9.5,5,NA,4,NA,"jan5","rg7839354",0
"#QW2984",29653,NA,NA,NA,NA,5.5,NA,NA,NA,NA,"xmas10","ge9744131",860482
"#Ss3808",65800,28093,85013,NA,NA,4.5,5,9,NA,NA,"join15","gh4768993",0
"#KT6360",82823,17273,89031,NA,NA,5,6.5,12,NA,NA,NA,"dc4098412",764191
"#uu0929",23267,26232,63115,79682,NA,11,5.5,11,9,NA,"join15","bh9807056",0
"#CV7998",99608,41463,17273,21097,NA,9.5,9.5,8.5,9,NA,NA,"cg8673469",0
"#tm1421",39218,NA,NA,NA,NA,9.5,NA,NA,12,NA,"stu20","jb6546436",0
"#Ex1515",61218,73557,NA,73481,71458,11,4,NA,4.5,5,"stu20","st7610561",0
"#aK3459",66474,54268,63115,NA,NA,9,4.5,6.5,NA,NA,"xmas10","or7342647",0
"#SC2946",54268,18638,83883,55680,63115,9.5,5,10.5,8.5,9,NA,"wl3247425",0
"#XW8900",71344,71344,76354,94757,NA,7,6.5,11,11.5,NA,"join15","dl7459932",0
"#nG8173",45589,73481,NA,NA,NA,9,7,NA,NA,NA,"join15","cg5621909",0
"#lu9074",13506,47382,35650,NA,NA,11,8.5,11,NA,NA,"jan5","am7126331",0
"#pI0980",53232,47382,82823,83883,NA,4.5,7.5,6,5,NA,NA,"wo6527380",684710
"#qR8143",18638,NA,NA,NA,NA,10,NA,9.5,NA,NA,"stu20","sg2596694",0
"#mr9639",84167,49572,NA,NA,NA,4.5,9,NA,NA,NA,NA,"dg1079393",0
"#Ns1392",85007,15720,NA,54268,NA,8.5,6.5,NA,9,NA,"xmas10","bh3607911",0
"#TP7259",93213,35650,47382,NA,NA,7,7.5,11,NA,NA,NA,"if4710346",919712
"#HG3131",29653,94757,50783,NA,16458,4,10,11.5,NA,10.5,"stu20","as9648090",0
"#SI1481",32461,83731,NA,NA,56140,8,7,NA,NA,10,"stu20","bw4039972",720709
"#mT9989",10199,17273,71719,NA,NA,5.5,7.5,9,NA,NA,NA,"tl1913071",0
"#iG4788",49572,NA,NA,NA,NA,9.5,NA,11,NA,5.5,"stu20","bb1864504",0
"#zr9209",28093,NA,NA,NA,NA,10.5,NA,5,NA,NA,"join15","ds1049350",0
"#NC8935",79682,62953,NA,NA,NA,7,4,NA,NA,NA,NA,"zd1195599",0
"#kD5381",19337,83883,55680,NA,NA,8.5,10,8.5,NA,NA,"jan5","jr9162273",0
"#cp7137",49572,NA,NA,NA,NA,6,NA,NA,9,NA,"xmas10","vd5813942",0
"#XA4844",19337,56998,32459,NA,NA,8.5,6,9,NA,NA,NA,"sm2289339",0
"#en1100",12675,NA,NA,NA,NA,12,NA,12,NA,NA,"xmas10","sv5127232",0
"#AW8102",96316,98195,61218,NA,NA,10,7,6.5,NA,NA,"stu20","ga5874147",0
"#GI3163",50694,10199,NA,NA,NA,6,6.5,NA,NA,NA,NA,"tc6833906",0
"#Kv5404",94611,71719,71458,55680,NA,8,8,11,10.5,NA,NA,"rs1798319",0
"#FQ3199",23220,27868,NA,NA,NA,6,11,NA,NA,NA,"jan5","cl3072276",0
"#zN0341",96055,54659,NA,NA,NA,4,8.5,NA,NA,NA,NA,"gs1545311",0
"#RW9248",19337,99318,84167,NA,NA,8.5,7,5.5,NA,NA,"xmas10","gc4533097",0
"#ax5954",38525,20742,NA,38525,NA,9.5,5.5,NA,12,NA,NA,"jf8031043",0
"#PW2070",71719,NA,NA,NA,NA,4.5,NA,NA,NA,8,NA,"nc4645811",0
"#AF7695",89894,73557,62953,47941,NA,11,10,5,11.5,NA,NA,"ib7764108",0
"#TB0048",68167,84167,NA,NA,NA,8.5,6,NA,NA,NA,"jan5","sg4177504",194780
"#Iw6823",55856,64656,96316,NA,NA,4,11,9,NA,NA,NA,"dl7415968",0
"#TS0562",47941,80115,NA,NA,NA,5.5,11,NA,NA,NA,"xmas10","jc6856181",0
"#ZC7411",94757,NA,NA,NA,NA,4.5,NA,NA,12,NA,"jan5","bm8214948",0
"#dq2332",32459,49572,93356,55680,NA,10,6.5,9,5,NA,"jan5","kc1098217",682078
"#Ac1788",54268,54268,96257,NA,NA,7.5,4,4.5,NA,NA,NA,"kt5436760",970278
"#ca5180",53900,98195,NA,NA,NA,7,4,NA,NA,NA,"xmas10","eb7671986",0
"#Vg3393",32461,64656,71719,NA,NA,4.5,4.5,6,NA,NA,NA,"rs8244636",0
"#Tf6142",15720,19337,54268,NA,NA,12,6.5,5,NA,NA,NA,"dc5040345",0
"#tg0182",15720,84955,NA,84167,NA,7.5,6.5,NA,5,NA,NA,"ay9205336",0
"#Ov5493",38525,18638,NA,NA,NA,7.5,5.5,NA,NA,NA,"jan5","el4278249",0
"#jV6693",53806,47582,38525,96055,NA,10,8,10,8,NA,NA,"aj4797339",0
"#cx0815",68025,55680,NA,NA,NA,5,11,NA,NA,NA,"join15","cj1386583",576293
"#Mr4402",50694,28370,NA,NA,NA,10,5.5,NA,NA,NA,"join15","rg7879532",0
"#KZ5897",94611,55680,66474,NA,NA,10,7.5,6.5,NA,NA,"stu20","al7805423",0
"#bT9429",56998,32032,75578,89031,99608,6.5,11.5,10.5,10,7,"stu20","el5816733",0
"#lP5013",55680,21097,89894,NA,35650,11.5,6.5,6.5,NA,6.5,NA,"cc5558568",394834
"#sw3987",47382,40781,47753,82823,60953,9.5,5.5,10,8.5,6,"xmas10","rc2498032",182245
"#Nn2787",77436,98195,40781,NA,NA,5,9,12,NA,NA,NA,"at4317446",466687
"#FR4708",71719,NA,NA,NA,NA,7,NA,7.5,7.5,NA,"jan5","hr1416574",0
"#rZ4349",64656,49572,NA,NA,NA,8.5,10.5,NA,NA,NA,"xmas10","an9233424",0
"#li9169",32461,29653,85007,NA,NA,4,11.5,12,NA,NA,"jan5","mk3820815",761180
"#CW2116",65800,94956,NA,NA,NA,5.5,6.5,NA,NA,NA,NA,"ao6726500",0
"#aB7883",26232,71719,80524,35650,NA,4,8.5,12,9.5,NA,"stu20","kb6708925",0
"#SP1258",89031,71719,73481,NA,43985,9,12,7.5,NA,4.5,NA,"ga7580464",0
"#JN7259",55027,96055,93356,NA,NA,10.5,9.5,11.5,NA,NA,"join15","nl7323993",0
"#uM0943",82823,19337,73481,NA,NA,6,6.5,6.5,NA,NA,"xmas10","ia6116330",0
"#PQ1330",75189,55027,99318,NA,NA,6,6.5,12,NA,NA,"stu20","bm8257205",0
"#yX3746",83883,55856,35650,NA,55027,5.5,4,6.5,NA,8.5,"jan5","bh1822365",0
"#Bq7915",71719,47753,47941,88180,NA,8.5,9,4.5,9.5,NA,NA,"ds6134799",0
"#wW5394",49572,73557,83731,39218,NA,10,8.5,7.5,6,NA,"xmas10","bp5196666",0
"#PR5786",50694,20742,54659,NA,NA,11.5,12,8.5,NA,NA,NA,"ig5276567",0
"#Xl2228",97721,35650,53572,53572,93356,12,11.5,12,6,12,NA,"vl6982130",0
"#bm3395",65800,47753,NA,68025,NA,10,5.5,NA,5,NA,"stu20","kt4593807",0
"#FY7678",66474,26232,NA,65800,NA,5.5,7.5,NA,5,NA,"jan5","ei5140249",0
"#AF6260",32461,40781,68241,71458,NA,9,5,9.5,9.5,NA,NA,"gl3776645",0
"#zP7521",53572,89894,NA,NA,55680,5.5,11,NA,NA,4.5,NA,"fs4915713",192330
"#XX2495",96316,32032,NA,NA,85007,9,9,NA,NA,6.5,NA,"ar5692311",102355
"#rV1704",21097,32459,96257,NA,NA,8.5,12,8.5,NA,NA,NA,"ah6376699",0
"#UQ5573",50694,96257,24627,NA,NA,4.5,4,5.5,NA,NA,NA,"tm9890184",370666
"#hO8075",76354,56140,NA,56998,NA,6.5,10.5,NA,5.5,NA,"xmas10","gg2783760",0
"#Wk8191",88180,89894,NA,29653,89031,7.5,11,NA,5.5,7,"join15","lw1210902",0
"#Jo9732",10199,NA,NA,NA,NA,5.5,NA,11.5,NA,NA,"xmas10","ds6039705",302466
"#zd8477",38605,NA,NA,NA,NA,11.5,NA,6.5,NA,NA,"join15","mg8622465",0
"#oH5180",53232,75578,13562,97721,NA,8,5,10.5,7.5,NA,NA,"jb5987762",0
"#WS5444",85007,50694,23220,75578,NA,5,12,7,4.5,NA,"stu20","hh4878362",0
"#HX9519",56140,76354,61218,99318,NA,9.5,8,10,11,NA,NA,"jb9645804",0
"#Fq9796",35650,NA,NA,NA,NA,10,NA,NA,NA,NA,NA,"fe7426669",0
"#gh0043",94611,NA,NA,NA,NA,11,NA,NA,7,4.5,NA,"ll9746391",0
"#Jr0912",19842,71458,NA,71719,NA,5,10.5,NA,4.5,NA,NA,"mt6716528",0
"#le8406",16458,19337,50783,41463,NA,9.5,4,4.5,4,NA,NA,"lg1206427",0
"#ap3995",32459,NA,NA,NA,NA,10,NA,6,NA,NA,"stu20","bc5564081",0
"#iR4373",53806,56140,71344,73557,NA,10,4,6,4.5,NA,NA,"sw7545181",0
"#Ty4246",84167,60953,NA,79380,NA,9.5,4.5,NA,10.5,NA,NA,"gm7345130",0
"#nd6454",19337,61218,88180,NA,NA,4.5,5,8.5,NA,NA,"join15","fr8170952",0
"#AI6989",40781,94757,43985,94956,NA,5,11,7.5,4.5,NA,NA,"gc6992993",0
"#aR6402",41463,53232,NA,NA,NA,8,11,NA,NA,NA,NA,"ds6846475",0
"#ZN9819",32032,65800,NA,NA,NA,4.5,11,NA,NA,NA,"xmas10","bt9620114",0
"#sY6041",80524,62953,NA,50694,NA,5.5,9.5,NA,9,NA,NA,"vb1744356",0
"#Rw9827",15720,23220,94757,53900,NA,5.5,7.5,5.5,7.5,NA,NA,"ae4602603",0
"#Qt9578",55856,49572,NA,68167,NA,8,5.5,NA,10,NA,NA,"jw8158797",0
"#Wq5924",23220,23220,NA,NA,NA,11.5,7,NA,NA,NA,NA,"es7342027",222338
"#Fh0063",65800,82823,93213,NA,NA,8.5,4.5,6,NA,NA,NA,"nc1481239",0
"#dg1677",50783,89031,NA,10199,NA,9,5.5,NA,5.5,NA,NA,"gt9670577",0
"#sU9453",38605,NA,NA,NA,NA,10.5,NA,NA,NA,NA,"stu20","de7015402",970278
"#FF3211",53232,84167,99318,23220,NA,5,4.5,10,8,NA,"stu20","ma4470954",0
"#Vp8753",26232,68167,61218,27868,NA,5,6.5,7.5,11.5,NA,NA,"nj9887389",532859
"#Gh6677",47582,50694,NA,NA,NA,7,7.5,NA,NA,NA,"jan5","dg3358755",0
"#Ml7607",53232,NA,NA,NA,NA,8.5,NA,NA,NA,NA,NA,"hs2778455",182919
"#vx3068",63115,18638,83883,NA,NA,5.5,8,5,NA,NA,"jan5","ma7222148",0
"#Tm8104",38605,35650,NA,NA,93356,6.5,9.5,NA,NA,5.5,"jan5","hc2222625",0
"#gF4758",50783,45589,19857,NA,NA,5.5,11.5,4.5,NA,NA,NA,"ak2769875",0
"#Jy7176",13506,42435,35650,NA,NA,7,11,6,NA,NA,"join15","lp9051683",0
"#od7264",96055,96055,NA,NA,NA,4,7,NA,NA,NA,NA,"ls8364860",0
"#Rp2205",35650,99608,42435,NA,NA,4.5,9,10.5,NA,NA,NA,"ad3507649",0
"#zc9390",96055,NA,NA,NA,NA,5.5,NA,4,NA,NA,"xmas10","hb5368057",462331
"#cF9269",50694,71719,NA,NA,NA,11,10,NA,NA,NA,"xmas10","ak2633624",0
"#Ot5155",53806,54268,53572,NA,NA,6,11.5,7.5,NA,NA,"join15","jm5090342",372768
"#fu2190",89031,NA,NA,NA,NA,12,NA,12,10.5,NA,"stu20","rp8817863",0
"#Lc8251",52491,32032,28370,NA,NA,4,11.5,5.5,NA,NA,NA,"am8130256",452043
"#Co9729",45589,38605,NA,85013,NA,4,11,NA,8.5,NA,"join15","hi2341353",0
"#aL3778",56998,19842,40781,23267,NA,8,4.5,5,4,NA,"jan5","aw8805027",0
"#lA3265",71344,63115,NA,47382,NA,4.5,11,NA,8,NA,NA,"ga7384533",0
"#NH3108",18638,68025,84955,96316,NA,10.5,9.5,5.5,7,NA,"xmas10","ms7810264",0
"#Vp9877",32459,NA,NA,NA,NA,5.5,NA,5.5,NA,NA,NA,"jm7476465",895051
"#yP4280",61218,NA,NA,NA,NA,4.5,NA,NA,11,NA,NA,"wk6839555",0
"#pE5930",16458,32032,NA,NA,NA,10.5,8.5,NA,NA,NA,NA,"ch5431536",262688
"#Lv1635",53232,71458,NA,83883,NA,8.5,4,NA,8.5,NA,"stu20","pb5883887",0
"#fm5486",39218,85013,50783,NA,NA,11,9.5,8,NA,NA,NA,"rp7402411",302466
"#EE5615",17273,98195,19857,24627,NA,12,5.5,4,8.5,NA,NA,"ps9863009",147969
"#Ef0196",60953,NA,NA,NA,NA,5.5,NA,NA,NA,NA,"xmas10","mc2527253",387253
"#yZ7691",76354,NA,NA,NA,NA,7,NA,4,5.5,NA,"xmas10","as1462761",0
"#Uf0243",96257,71344,96316,98195,NA,12,7.5,5.5,8.5,NA,"join15","os1102536",0
"#Fa0944",32032,55680,NA,29254,NA,6,7,NA,5.5,NA,"jan5","wn9512656",0
"#RX4623",84167,84955,NA,NA,62953,9.5,6,NA,NA,7,"xmas10","md7224540",0
"#Zd4796",43985,84167,19337,NA,53806,4,10,12,NA,5,"join15","nf8220572",0
"#ur5726",32032,55027,21097,80524,NA,9,11.5,7.5,6.5,NA,"jan5","to6226387",0
"#fr0615",23267,71719,NA,NA,NA,11,12,NA,NA,NA,NA,"as7773317",0
"#OG1053",23220,23220,NA,NA,NA,6,9,NA,NA,NA,"join15","ip3450154",0
"#hL3197",94611,20742,43985,NA,45589,6,11,12,NA,4.5,"jan5","fs4917008",0
"#he4968",38605,94757,NA,96055,NA,6,4,NA,9.5,NA,"xmas10","cp9684857",0
"#CI4990",18638,53572,23220,80524,NA,8,10.5,7,5.5,NA,"jan5","ds9660414",0
"#iV1569",71458,97721,24627,NA,NA,6,8.5,9,NA,NA,"stu20","ms5225402",0
"#lN2339",32032,13562,NA,16458,NA,11,6,NA,8,NA,"stu20","cc8588177",0
"#tu9606",53232,42435,71719,NA,NA,8.5,9.5,8.5,NA,NA,"stu20","ma3292186",0
"#AA8927",73481,28093,NA,68241,NA,4,5,NA,10,NA,NA,"dc6167353",262688
"#yH1559",10199,89894,NA,68703,NA,11.5,10.5,NA,6,NA,"jan5","ok8913052",0
"#Lg3839",13506,19857,79380,39218,NA,6,10,12,6,NA,"jan5","ho1794587",0
"#qj7195",47941,NA,NA,NA,NA,5,NA,NA,NA,NA,NA,"gd9653220",0
"#FO4142",26232,52491,71458,NA,NA,10.5,4.5,9.5,NA,NA,"stu20","ye8146605",0
"#Wv7883",75578,38605,NA,NA,NA,8,6,NA,NA,NA,NA,"kp9340757",0
"#OI1145",55856,29254,NA,NA,NA,11.5,11.5,NA,NA,NA,"join15","gr3296406",902414
"#rZ2836",41463,75189,NA,NA,28370,7,8,NA,NA,8.5,"jan5","cd6685651",0
"#KB6688",97721,98195,62953,NA,NA,8,4.5,8,NA,NA,NA,"an8597179",0
"#oQ6361",42435,NA,NA,NA,NA,8.5,NA,6.5,NA,NA,NA,"al2667589",0
"#ya6727",17273,68241,71344,19857,NA,12,10.5,4.5,6,NA,NA,"bs6257838",0
"#Rj0068",52491,NA,NA,NA,NA,7.5,NA,6.5,6.5,NA,NA,"jk5392084",0
"#Md5397",55680,53806,35650,71344,NA,7,5.5,11,4.5,NA,"xmas10","fm3265528",0
"#lX2871",23267,29653,NA,NA,NA,9,8,NA,NA,NA,"join15","na5005701",0
"#aj7556",96257,32461,53900,55680,NA,7,10,5,5.5,NA,NA,"ta9674817",0
"#py5340",13506,63115,NA,NA,NA,10.5,6,NA,NA,NA,"stu20","cg7573928",742227
"#FT0118",54659,68167,12675,NA,NA,7.5,7.5,10.5,NA,NA,NA,"mc4714155",0
"#sz5355",13562,49572,NA,NA,NA,7,6.5,NA,NA,NA,NA,"bk2323969",0
"#lK1488",17273,94956,NA,NA,NA,8,8,NA,NA,NA,"join15","eb8672203",938207
"#wg0614",79682,65800,64656,98195,19842,5.5,9,6.5,9.5,6,NA,"jg9258267",0
"#Kc5176",32459,NA,NA,NA,NA,4,NA,6.5,NA,NA,NA,"se1305427",0
"#OK0574",97721,93213,83731,NA,NA,10,4.5,11,NA,NA,"stu20","lf3629379",0
"#gu1555",93356,84167,NA,85007,NA,8.5,6.5,NA,9.5,NA,"xmas10","go6902569",0
"#QD9768",73557,73557,28370,NA,NA,9.5,11.5,6,NA,NA,"jan5","am7862735",0
"#Qs3185",53806,61218,NA,52491,NA,11,11,NA,9,NA,NA,"ls5219506",0
"#aE3987",18638,73481,53900,NA,NA,11,8,10.5,NA,NA,"stu20","at4869729",0
"#qZ2653",49572,29653,96055,52491,NA,8,8.5,8.5,6.5,NA,"jan5","jb7263546",0
"#uX5279",62953,85007,12675,93356,NA,6.5,4,8,6,NA,"jan5","sp4477742",282719
"#aY4068",85013,53232,NA,NA,NA,5,12,NA,NA,NA,NA,"fv1124434",0
"#mD6954",73557,NA,NA,NA,NA,8,NA,NA,NA,NA,"jan5","ac1839291",0
"#Dp3737",27868,38525,35650,NA,NA,11,6.5,4,NA,NA,"jan5","cg8220619",0
"#hP8663",55856,79380,38525,23267,NA,11.5,4,9.5,9.5,NA,NA,"li4606051",0
"#ny7237",79380,15720,40781,NA,NA,10,11,6.5,NA,NA,NA,"as6676220",996681
"#jT1627",93213,93213,NA,19337,NA,6,12,NA,12,NA,"jan5","fs1541464",0
"#fk4606",94956,32459,NA,NA,NA,5.5,4,NA,NA,NA,"join15","mh4213546",0
"#Jd4722",68025,53232,27868,NA,NA,8,8.5,6,NA,NA,"stu20","am4595726",0
"#UW2784",49572,68167,NA,NA,39218,5,10,NA,NA,10.5,NA,"ac8602662",557229
"#Vs8732",53232,29653,89894,NA,NA,11.5,5.5,4.5,NA,NA,NA,"gm2121154",874863
"#da2488",19337,41463,23267,NA,NA,5.5,9.5,8,NA,NA,"join15","do2339681",0
"#Md6132",99608,49572,NA,NA,79380,11.5,6,NA,NA,8,"join15","as5150231",0
"#RG9375",54268,94611,NA,NA,NA,10,4,NA,NA,NA,"join15","cd6890723",0
"#oI4029",24627,96055,NA,NA,89031,6.5,5.5,NA,NA,8.5,NA,"nd7135909",0
"#Qt3229",18638,NA,NA,NA,NA,11.5,NA,6.5,10.5,NA,"xmas10","cr9408382",547250
"#an1546",63115,NA,NA,NA,NA,8,NA,NA,NA,NA,"jan5","hf6226738",0
"#PY1922",53900,56998,76354,23267,NA,6,9.5,11,12,NA,"jan5","kd6415804",0
"#GN9252",47941,85013,23267,NA,NA,12,9,4.5,NA,NA,NA,"bs1874181",0
"#JL3031",71719,NA,NA,NA,NA,4,NA,5.5,NA,NA,"jan5","sm1827085",0
"#Gf2991",10199,68703,NA,96055,NA,5.5,4,NA,11.5,NA,"jan5","nl5169911",724244
"#OZ4717",93356,NA,NA,NA,NA,6.5,NA,NA,10,NA,NA,"wb1458281",0
"#ix7833",43985,68241,77436,26232,96257,9.5,5.5,4,4.5,10,"stu20","md7544760",329441
"#Fc0388",79380,88180,50694,NA,NA,4,7.5,4.5,NA,NA,"jan5","tb2535847",462331
"#br7265",61218,19857,61218,NA,NA,6,12,10.5,NA,NA,NA,"dp4849222",0
"#Zy8840",75578,23220,NA,84167,NA,7.5,4,NA,4,NA,"jan5","tb2510718",0
"#Cp2681",54268,99608,56998,96055,NA,10.5,11,7,4,NA,NA,"aa4163769",0
"#JM6101",35650,50694,NA,83731,NA,9,7,NA,7,NA,NA,"aa1730815",0
"#Yv5426",50783,75578,94757,NA,NA,11,11.5,8,NA,NA,NA,"st3396653",0
"#cV4392",75578,47941,47753,NA,NA,11,10,8.5,NA,NA,"join15","la6600929",0
"#Ej6674",47753,68241,NA,NA,NA,11,4.5,NA,NA,NA,NA,"lr5261195",109541
"#ne7905",19857,87193,39218,NA,NA,5.5,11,11.5,NA,NA,NA,"dc9801390",0
"#Lv9171",38525,NA,NA,NA,NA,4.5,NA,6,NA,NA,NA,"th5843308",0
"#JN6143",28093,13562,55856,NA,NA,6,10,4,NA,NA,NA,"jv1218992",0
"#tZ8740",32461,56998,83883,93213,NA,12,6.5,9.5,11,NA,"stu20","hl7076843",0
"#JG3241",47382,89894,19337,NA,NA,4.5,5.5,5,NA,NA,"stu20","lb2732411",0
"#DI9807",55680,NA,NA,NA,NA,8.5,NA,9,5.5,NA,"xmas10","al7127936",532859
"#ft3877",82823,NA,NA,NA,NA,6,NA,8,NA,NA,"stu20","bs4941807",0
"#vz5950",41463,17273,NA,NA,NA,5.5,6,NA,NA,NA,"jan5","vg8751397",0
"#ge6502",19842,77436,NA,NA,NA,4.5,7.5,NA,NA,NA,NA,"pl2345035",708179
"#gR9323",17273,NA,NA,NA,NA,5.5,NA,NA,NA,NA,"join15","kt1510027",0
"#DG1111",89894,28370,56140,NA,NA,5,8.5,5,NA,NA,"join15","gn9190280",977398
"#af0933",99608,55856,NA,NA,NA,7,9.5,NA,NA,NA,NA,"hv5899707",0
"#OU3517",55027,73557,NA,NA,NA,7.5,10,NA,NA,NA,"jan5","ab1028441",0
"#cK3307",83731,68025,NA,94611,NA,10.5,8.5,NA,6.5,NA,"stu20","cu4533515",0
"#tY5356",16458,42435,NA,12675,NA,6,9,NA,5,NA,NA,"kr8889815",0
"#kV3980",87193,NA,NA,NA,NA,8.5,NA,4,5,NA,"stu20","cn9810586",0
"#cN2392",53900,28370,NA,84955,NA,9,12,NA,12,NA,NA,"gm5901744",413168
"#lK8263",32459,19842,NA,21097,NA,10,5.5,NA,9,NA,"jan5","cf7454889",0
"#nf0565",16458,83731,41463,94757,NA,4,5.5,12,5,NA,"jan5","pp6156321",0
"#Xq0741",79682,94956,79682,96055,NA,4.5,6.5,6.5,10,NA,"stu20","eb5090190",682656
"#ic1861",23220,NA,NA,NA,NA,9,NA,9,NA,NA,NA,"cw6596789",0
"#An0582",53572,32459,21097,83883,NA,5,5.5,4,6.5,NA,"stu20","fw7474589",0
"#Tg5349",84955,NA,NA,NA,NA,4,NA,NA,9.5,NA,NA,"ac4247859",0
"#NH0470",53232,20742,16458,13562,NA,5,4,5.5,12,NA,"jan5","mg2746097",0
"#WZ1119",16458,38605,NA,55856,NA,6.5,7.5,NA,8.5,NA,"jan5","cs3693889",0
"#Ij5663",60953,54659,NA,NA,NA,7.5,4,NA,NA,NA,NA,"dp7194022",874863
"#uj4966",40781,99608,68703,NA,NA,9,8,4,NA,NA,"xmas10","ab9292471",0
"#FO4240",94611,39218,84955,NA,NA,10.5,6,10.5,NA,NA,NA,"tp8808462",0
"#oM5261",24627,NA,NA,NA,NA,8.5,NA,5,NA,NA,NA,"gp8323976",0
"#PT4490",62953,83731,96257,68703,NA,9,10,5,10,NA,"jan5","cl3119446",0
"#xq5312",75578,65800,NA,83731,NA,4.5,6.5,NA,10,NA,"join15","bd3359255",0
"#GU1719",24627,47382,55027,NA,NA,4.5,10,12,NA,NA,"join15","sm9301105",361949
"#xs5806",89031,10199,NA,NA,NA,5,6,NA,NA,NA,"jan5","ms7629420",0
"#xL7655",29653,28093,NA,NA,NA,5,5.5,NA,NA,NA,NA,"dc7170721",0
"#SB6380",56140,47753,NA,NA,NA,9.5,8.5,NA,NA,NA,NA,"bc5439841",0
"#cN5645",60953,NA,NA,NA,NA,11.5,NA,8,NA,7.5,"xmas10","fr3338168",0
"#CF9850",99318,NA,NA,NA,NA,10,NA,9,5,NA,NA,"da2505884",0
"#cZ1803",55856,56998,NA,93213,NA,8.5,10,NA,4.5,NA,NA,"fp9928883",464178
"#hr7253",71719,NA,NA,NA,NA,5,NA,11,NA,NA,NA,"al3519116",0
"#dw0006",27868,71719,99318,NA,NA,9.5,7.5,6.5,NA,NA,"join15","cs3542375",0
"#te9927",66474,50694,61218,NA,76354,8,9,11,NA,7.5,"stu20","ab3183715",0
"#pI1554",47582,55856,NA,NA,NA,4,5,NA,NA,NA,"join15","sl1159324",0
"#Hs9193",73481,32461,73557,68025,NA,9,9,4,5,NA,"jan5","sl8884733",0
"#VI2143",12675,53806,NA,NA,NA,6,4.5,NA,NA,NA,NA,"sp2225754",370666
"#ZZ4611",24627,NA,NA,NA,NA,7.5,NA,11.5,NA,NA,NA,"ag3064653",0
"#EO8007",94611,NA,NA,NA,NA,7.5,NA,NA,NA,NA,"xmas10","mb9737655",0
"#Wc0424",96257,NA,NA,NA,NA,6.5,NA,NA,NA,7,NA,"ga5892015",0
"#ia7764",64656,62953,68241,NA,NA,7.5,10.5,7.5,NA,NA,NA,"bf1765954",104306
"#Fr6355",42435,NA,NA,NA,NA,8,NA,NA,NA,NA,NA,"mc9427914",526342
"#Lx7928",89894,85013,20742,NA,76354,5.5,5.5,10.5,NA,10,NA,"rg8008249",0
"#NQ7515",12675,60953,93356,NA,NA,5,9,7.5,NA,NA,NA,"td2102302",0
"#lf9650",15720,NA,NA,NA,NA,7,NA,10.5,8,NA,"xmas10","tp6224970",0
"#iR3748",80524,15720,NA,NA,NA,9.5,5.5,NA,NA,NA,NA,"jw1820971",0
"#Nu3548",75578,84955,76354,55680,94611,11.5,10.5,12,5.5,9,"stu20","bb1694918",0
"#Bv7627",49572,17273,55027,NA,NA,12,9,6,NA,NA,NA,"aq7801494",977398
"#JV9266",41463,96257,63115,83883,NA,6.5,5.5,7.5,6,NA,NA,"dp5150132",0
"#ic7443",50694,NA,NA,NA,NA,10.5,NA,6.5,NA,NA,"xmas10","wv1856906",733305
"#AA1553",94611,71719,NA,NA,NA,10,10,NA,NA,NA,NA,"nr6383551",0
"#Jf8020",29653,NA,NA,NA,NA,10.5,NA,6.5,NA,NA,NA,"gh4527529",761180
"#DV6419",71344,41463,99608,73557,NA,4,5.5,5,11,NA,"join15","la4957378",0
"#jj8447",55856,84955,NA,NA,NA,8,5,NA,NA,NA,"join15","dt1765695",0
"#xy0645",93356,32459,66474,NA,NA,7.5,6.5,11.5,NA,NA,NA,"dc6814140",0
"#Pm5139",19857,19337,NA,63115,NA,6,11,NA,7,NA,"stu20","td8538953",0
"#Cn2599",32459,NA,NA,NA,NA,10.5,NA,5,4,NA,"xmas10","ea9611247",0
"#WQ4049",26232,96055,55027,NA,NA,10,7,5,NA,NA,"xmas10","cp8512041",419668
"#Tf6431",76354,47582,32459,24627,NA,7.5,9,4,12,NA,NA,"ng3726938",0
"#OE8159",96055,53900,NA,NA,NA,9,4.5,NA,NA,NA,NA,"tt2896647",176113
"#sm3733",12675,71719,73481,68167,NA,7.5,6,6.5,4.5,NA,NA,"rc9842691",0
"#sV4007",88180,85007,98195,NA,NA,6.5,12,11,NA,NA,"xmas10","fd1290880",0
"#Uw6662",87193,42435,68167,NA,NA,4.5,7,9,NA,NA,"xmas10","cs1681466",361949
"#yC7987",28093,75578,24627,64656,NA,7,7,12,7.5,NA,NA,"br4418056",0
"#Pv0492",47753,NA,NA,NA,NA,11.5,NA,6.5,NA,NA,"xmas10","km6786682",0
"#wq9790",32032,27868,NA,NA,NA,9,11,NA,NA,NA,"join15","kv2446102",0
"#Jb6265",80115,NA,NA,NA,NA,9.5,NA,7,NA,NA,"xmas10","dm4459919",0
"#IU4211",27868,55027,27868,NA,NA,8,10,7,NA,NA,NA,"bp2515793",989528
"#Lu7001",79682,53232,NA,12675,NA,11.5,8.5,NA,4,NA,NA,"sp2609018",0
"#Ev3428",68703,53806,71344,NA,NA,12,7,9.5,NA,NA,"join15","ew1200644",521999
"#jg2804",19857,38605,83731,NA,NA,11,12,9.5,NA,NA,"join15","bc5127793",645103
"#ST8572",42435,80524,NA,NA,NA,4,6.5,NA,NA,NA,"stu20","rd1181427",0
"#vX2591",18638,42435,75189,NA,NA,6.5,5,11.5,NA,NA,NA,"rd5409034",0
"#VO6186",82823,54268,NA,NA,NA,12,4,NA,NA,NA,NA,"ya3737043",0
"#xf4464",23267,41463,NA,NA,NA,11.5,7,NA,NA,NA,NA,"ji7757803",0
"#sB5789",94757,NA,NA,NA,NA,10,NA,5.5,NA,NA,NA,"es6633908",0
"#eL8320",93356,99318,99318,NA,NA,8.5,4,11,NA,NA,"jan5","af5519032",494897
"#eu7723",19842,NA,NA,NA,NA,4.5,NA,6,NA,4,NA,"dg8590052",0
"#hF2387",84955,96257,13562,13506,NA,8,11.5,7,9,NA,NA,"gh7272055",282719
"#aD7452",96055,20742,NA,16458,NA,12,4.5,NA,12,NA,"stu20","ac6187358",0
"#Oc6401",63115,80524,73557,NA,NA,4.5,8.5,5.5,NA,NA,NA,"gh7525560",741811
"#Uy5362",32032,65800,73481,29254,NA,11,4.5,4,4,NA,"join15","mm5748503",484444
"#wZ7306",24627,NA,NA,NA,NA,4,NA,NA,9,NA,"jan5","lh8545397",980753
"#QC9613",75189,NA,NA,NA,NA,6.5,NA,NA,NA,NA,NA,"es7899649",0
"#PF7891",80524,35650,79682,10199,NA,8.5,10,7,4.5,NA,"jan5","lw3336193",0
"#pH5258",96257,77436,NA,79682,NA,5.5,8,NA,6,NA,NA,"sd2109961",282719
"#ms9618",12675,NA,NA,NA,NA,7.5,NA,5,NA,NA,NA,"rf6473752",0
"#KT2871",99318,18638,16458,84955,NA,5,6,9,6.5,NA,NA,"ap7764766",0
"#NH1873",26232,13506,94611,NA,NA,5.5,9,6,NA,NA,NA,"tm6964682",462331
"#jG6124",60953,71344,85013,19842,NA,7.5,10.5,4,12,NA,NA,"bb8233910",0
"#KP1175",42435,13562,NA,38605,NA,8,8.5,NA,11,NA,"stu20","gb4607125",658454
"#iV1809",38525,83883,47582,NA,NA,10.5,11,11,NA,NA,"xmas10","qb9194092",0
"#xu6433",50694,63115,96316,NA,NA,4,8,8.5,NA,NA,"jan5","lf5501622",0
"#Ci6997",97721,99318,56998,73481,NA,4,9,10,9,NA,NA,"sb6508432",0
"#fu2687",19842,62953,NA,NA,NA,6,5,NA,NA,NA,"xmas10","wo1482262",0
"#tL5955",40781,94956,54659,NA,NA,10,6,5.5,NA,NA,NA,"cl4145189",0
"#em7285",83731,75578,53900,NA,NA,4.5,11.5,9,NA,NA,"jan5","ac7067814",0
"#OA7235",28370,NA,NA,NA,NA,4,NA,5,NA,NA,"join15","lp6477158",0
"#eC3613",53806,NA,NA,NA,NA,11.5,NA,NA,5,NA,NA,"al6495044",0
"#rS6751",28093,39218,85007,NA,NA,5,7,11,NA,NA,"join15","cb3244329",0
"#Fc7102",71458,13506,28370,NA,NA,5.5,11,6,NA,NA,"xmas10","rr7216453",0
"#ZB1218",83883,97721,76354,80115,NA,6,8,10,9.5,NA,NA,"tt9014293",0
"#pC1332",29653,50694,89031,NA,NA,6,7.5,7,NA,NA,"stu20","gs7880555",980753
"#Pq9811",47941,NA,NA,NA,NA,4,NA,NA,NA,NA,NA,"ch5352831",0
"#Kl7492",32032,83883,68167,NA,NA,8,4.5,7.5,NA,NA,NA,"am4601478",682078
"#lx6386",32459,42435,19337,NA,68241,5.5,5,4,NA,5,"xmas10","db1984504",0
"#AR3083",60953,84955,96316,NA,NA,10.5,5.5,9.5,NA,NA,NA,"nf6294710",860482
"#pi1721",43985,13506,NA,94611,NA,9,8,NA,8,NA,"stu20","pc1213907",0
"#Yr8183",50783,88180,84955,NA,NA,10,5.5,5.5,NA,NA,"stu20","cm9083642",0
"#oF2218",41463,71719,NA,NA,NA,11,9,NA,NA,NA,"xmas10","fb6065765",0
"#yD5711",47753,96055,NA,99318,NA,4,10.5,NA,7,NA,"jan5","rm2470361",0
"#bT7347",83883,NA,NA,NA,NA,5.5,NA,NA,NA,6.5,NA,"rr8076213",0
"#Cf8551",26232,32032,62953,NA,NA,7,11,5,NA,NA,"join15","fp5293737",0
"#ox0685",32461,64656,55680,NA,NA,10.5,10.5,4.5,NA,NA,NA,"ts2855028",0
"#MY9012",50694,38525,32461,NA,NA,8,12,11.5,NA,NA,"jan5","ig3628907",0
"#jo5753",73481,NA,NA,NA,NA,7.5,NA,4,10.5,NA,"jan5","ch9578259",0
"#xW1210",75578,94757,20742,NA,NA,10,4,9,NA,NA,NA,"km5278256",0
"#ZX6892",63115,73481,89031,NA,47941,9.5,8,8.5,NA,8.5,"stu20","cc4538905",0
"#ks0752",24627,41463,76354,99608,NA,8.5,4.5,7.5,11,NA,"xmas10","ck3155662",0
"#Td8280",66474,NA,NA,NA,NA,6.5,NA,7.5,9.5,NA,"stu20","cp5428791",0
"#ek9044",29254,38605,NA,NA,NA,10,11,NA,NA,NA,"jan5","db5907667",0
"#xb1919",12675,47941,NA,NA,NA,9.5,6.5,NA,NA,NA,NA,"eb9811598",0
"#OA7423",40781,85013,NA,NA,NA,10.5,6,NA,NA,NA,NA,"jd6040722",0
"#Dk7732",54268,79682,49572,NA,NA,11,10,5,NA,NA,NA,"df8004120",0
"#yE5660",83883,94611,NA,NA,NA,12,11.5,NA,NA,NA,NA,"br2699141",0
"#mi1355",28093,76354,62953,NA,NA,5.5,5,5,NA,NA,"xmas10","jm4006909",0
"#su7187",96257,50783,38525,NA,85013,6,5.5,7.5,NA,5,"xmas10","me7102998",0
"#uu8842",17273,NA,NA,NA,NA,7,NA,4,12,NA,"stu20","kt5647695",0
"#Iv1933",68167,12675,55856,NA,NA,4.5,6.5,4,NA,NA,NA,"ho5487852",933183
"#zi5399",19337,NA,NA,NA,NA,9,NA,7,7.5,5,NA,"kp9486581",0
"#XO5882",56140,85013,19842,NA,NA,4.5,9,9.5,NA,NA,NA,"bp2894651",0
"#Jd5375",23220,50694,28093,84955,NA,11,10.5,7.5,12,NA,NA,"ch7727412",0
"#Cq6459",64656,23267,12675,52491,NA,7.5,6,6,7.5,NA,NA,"tp1657917",0
"#As2890",85007,47753,94757,53806,NA,4,12,7,11,NA,"stu20","rr1471703",874863
"#uw7637",98195,84167,23267,NA,NA,9.5,7,11.5,NA,NA,"xmas10","er9932202",0
"#Xa7116",19842,NA,NA,NA,NA,5,NA,6.5,NA,NA,NA,"cc6356371",0
"#zq0448",54268,47941,68167,73481,29653,12,9.5,7,9.5,11,"stu20","gk3806237",0
"#Nf9103",62953,55027,NA,NA,NA,9.5,6,NA,NA,NA,"xmas10","cj7762605",484444
"#Bm7594",96257,NA,NA,NA,NA,8.5,NA,NA,NA,NA,NA,"ds9050938",0
"#de3280",38525,16458,79380,82823,NA,4,10.5,4,4.5,NA,NA,"gb1432512",0
"#ii6562",60953,53232,54268,NA,NA,11.5,6,6.5,NA,NA,NA,"rg9502547",0
"#wg7690",96257,10199,55027,NA,80115,5,12,8,NA,8.5,"xmas10","jb5724085",0
"#tP4838",38605,63115,NA,NA,NA,4,7,NA,NA,NA,"jan5","rp8400602",0
"#Nv6163",17273,96316,NA,NA,NA,10,4.5,NA,NA,NA,NA,"cs5291384",0
"#JC3044",54659,NA,NA,NA,NA,10,NA,10.5,11,NA,"xmas10","em8959189",0
"#Fv4774",85013,NA,NA,NA,NA,11.5,NA,5.5,NA,NA,"jan5","hc4705481",0
"#xo1393",21097,35650,NA,NA,NA,8,8,NA,NA,NA,"xmas10","hk6911906",0
"#Kn2275",53900,50783,NA,NA,NA,5.5,12,NA,NA,NA,"stu20","co7416706",0
"#Vk0743",93356,55680,NA,68241,NA,4,10.5,NA,11.5,NA,"xmas10","ae9906716",851672
"#ky6854",76354,77436,NA,NA,NA,8.5,12,NA,NA,NA,NA,"vl5472504",684710
"#pr1926",75578,47753,13506,97721,NA,8.5,12,9,11,NA,"jan5","as2156347",299020
"#XK8135",10199,53572,93213,NA,NA,5,5,9,NA,NA,"jan5","ao8137560",0
"#VV5362",89031,96055,20742,NA,NA,10.5,11.5,5,NA,NA,"xmas10","dh6985727",0
"#ps1395",47382,68025,96257,NA,NA,12,7.5,7.5,NA,NA,"xmas10","lw8102642",0
"#wa3881",53232,89894,NA,27868,NA,10.5,10.5,NA,10.5,NA,"jan5","tc1845261",561142
"#EZ7354",61218,NA,NA,NA,NA,7,NA,8.5,NA,NA,NA,"cs4577696",0
"#Hh8142",79682,83883,88180,NA,NA,10,10.5,10.5,NA,NA,"xmas10","bc4688118",0
"#Bx2267",47753,93356,NA,NA,15720,8,5,NA,NA,8,NA,"ds6426198",0
"#iM7133",27868,84955,NA,NA,NA,8.5,10.5,NA,NA,NA,NA,"mc4736750",0
"#cs6327",18638,32461,39218,NA,NA,4.5,4.5,4,NA,NA,"join15","cg4983339",0
"#rL2486",68167,28370,68241,NA,NA,9,5.5,7,NA,NA,"join15","om3706941",0
"#tF5897",28093,94956,94611,89031,56140,8,6.5,12,5.5,12,NA,"pp8211655",0
"#ma4311",55856,NA,NA,NA,NA,9,NA,6,7,NA,NA,"hb5910715",462331
"#VA5254",73481,83883,NA,NA,NA,9.5,9.5,NA,NA,NA,NA,"bb5466251",0
"#sm6909",53232,63115,NA,20742,NA,11,5.5,NA,4.5,NA,"jan5","dm9438197",313855
"#mj2421",54268,NA,NA,NA,NA,8.5,NA,NA,NA,NA,NA,"rc8927414",0
"#jA8099",66474,NA,NA,NA,NA,11,NA,NA,8,NA,"jan5","dt4701974",0
"#Az7329",96316,NA,NA,NA,NA,12,NA,9,7.5,NA,"xmas10","cp2801467",302466
"#kL5632",99608,28370,88180,NA,NA,12,11,10.5,NA,NA,"stu20","sm1759601",572513
"#wq5956",47753,NA,NA,NA,NA,4.5,NA,5,4,NA,NA,"ao1942875",0
"#Pw9856",68025,88180,NA,55027,NA,5,8.5,NA,11,NA,"stu20","fa2598476",0
"#nI5014",55027,71344,NA,38605,NA,9,8,NA,11,NA,NA,"ac2878752",504353
"#qh4732",24627,75578,50694,64656,NA,6,8,11,10.5,NA,"stu20","ng9347937",0
"#nk5763",68241,NA,NA,NA,NA,8,NA,NA,NA,NA,NA,"gl1307337",0
"#Lj3849",98195,24627,39218,96257,NA,5,6.5,5,10.5,NA,"jan5","bg1311364",942566
"#Ai8568",53806,98195,NA,19337,NA,8.5,8.5,NA,10.5,NA,"xmas10","nk6977440",0
"#bP5841",40781,79380,NA,68167,NA,4,12,NA,7,NA,"xmas10","df1430691",0
"#QG3177",93213,71458,47941,94956,NA,6,5,4.5,7.5,NA,NA,"en4635103",0
"#KP6803",17273,15720,19337,NA,94956,10,11.5,5,NA,10,"join15","jh1892912",334506
"#xQ6077",93356,62953,47382,NA,NA,10,8.5,7.5,NA,NA,"jan5","rh6202692",211633
"#TJ2085",40781,18638,61218,73557,NA,9,5.5,10.5,12,NA,NA,"gs5625327",0
"#Te6973",68703,NA,NA,NA,NA,8,NA,NA,NA,NA,NA,"lw2943934",977398
"#eQ6890",84167,93213,NA,NA,NA,6.5,11,NA,NA,NA,"xmas10","dy1994058",419668
"#mw5199",68025,NA,NA,NA,NA,8.5,NA,NA,8,NA,"stu20","nf7290908",0
"#Bv5844",84955,83731,23267,NA,NA,10.5,8,11,NA,NA,NA,"pd3609495",0
"#cx1680",49572,80115,42435,38605,89031,11,8,10.5,4,5.5,NA,"kc2161231",0
"#Ny5356",42435,56998,85007,49572,NA,11,5.5,5.5,4,NA,"xmas10","el1439958",591763
"#Bq0253",53806,53232,24627,NA,NA,12,5.5,10.5,NA,NA,"xmas10","go7013470",0
"#Uy6319",53900,NA,NA,NA,NA,12,NA,NA,NA,NA,"xmas10","tb8949099",0
"#XD1765",61218,19337,52491,NA,NA,10.5,7.5,12,NA,NA,"stu20","jm4734143",0
"#vy9151",19857,NA,NA,NA,NA,11.5,NA,NA,12,NA,"join15","gc9350932",655709
"#wI1705",80524,56998,NA,NA,NA,7.5,4,NA,NA,NA,"jan5","bh6512757",0
"#Fz4538",96055,84955,66474,NA,NA,11.5,7.5,7.5,NA,NA,"xmas10","ae3029148",0
"#fH0232",45589,84955,NA,53900,NA,4,10,NA,6.5,NA,NA,"bb2277569",977398
"#GU2648",28093,47941,NA,NA,NA,11,6,NA,NA,NA,"jan5","mh5312594",0
"#jq6408",77436,NA,NA,NA,NA,10,NA,NA,5.5,NA,NA,"ug7241320",942566
"#Hr9928",85007,15720,NA,80115,NA,7.5,11.5,NA,11.5,NA,"stu20","ds4003719",484444
"#ya3353",64656,47941,94611,55680,NA,7.5,10.5,8.5,8,NA,NA,"km9402460",0
"#jn1235",19842,97721,NA,NA,NA,7,4.5,NA,NA,NA,NA,"dk2367351",0
"#nL2149",56140,18638,75578,NA,47753,4,4,10,NA,10.5,NA,"cb5893027",820342
"#Di7154",94611,13506,68703,89894,NA,5,10.5,10,10,NA,NA,"cd4452594",0
"#XN6864",13506,56140,NA,84167,NA,11,8,NA,11,NA,"stu20","ao9313069",0
"#aL8092",99608,12675,NA,24627,NA,12,6,NA,5.5,NA,"xmas10","ch8115072",0
"#xM1914",61218,32459,12675,NA,NA,11.5,10,5,NA,NA,"jan5","km8275454",419668
"#FB2851",47753,97721,NA,NA,NA,7,6,NA,NA,NA,"join15","hb4700861",0
"#rk9771",13506,NA,NA,NA,NA,8.5,NA,NA,NA,NA,NA,"cm7802556",572513
"#eB6816",32461,80115,NA,NA,NA,11.5,10.5,NA,NA,NA,"stu20","ls7347894",0
"#Sh4031",80524,17273,NA,63115,NA,8.5,5,NA,4,NA,"xmas10","ar1620742",0
"#Lt8753",80524,45589,NA,56998,NA,5.5,9.5,NA,8.5,NA,"join15","gc2633680",192330
"#yS2007",38605,94611,NA,39218,NA,4.5,6,NA,11.5,NA,"stu20","ie9695622",0
"#Hb2287",60953,18638,26232,89031,NA,8,11.5,7.5,7.5,NA,"jan5","ow3961828",0
"#Xv9106",61218,NA,NA,NA,NA,4,NA,NA,6,NA,"xmas10","lm6950648",370666
"#xe5560",56140,66474,NA,NA,NA,11.5,4.5,NA,NA,NA,NA,"lj2957480",0
"#GO9921",28370,89894,24627,NA,NA,6.5,8,7,NA,NA,NA,"bp5688700",0
"#NQ6553",71344,26232,NA,NA,NA,4.5,11,NA,NA,NA,"join15","eh5826195",0
"#nh2542",93356,NA,NA,NA,NA,10.5,NA,8.5,NA,NA,NA,"mj9446082",253613
"#LO5657",71719,NA,NA,NA,NA,12,NA,6,NA,NA,"join15","ms1170880",733305
"#kg5548",93356,88180,47753,NA,NA,10.5,11.5,6,NA,NA,"xmas10","jm3410406",891005
"#eR1340",50694,NA,NA,NA,NA,10.5,NA,10.5,NA,NA,"jan5","ih5211695",566441
"#ub6023",65800,24627,NA,NA,NA,10,7.5,NA,NA,NA,"join15","fb2644053",0
"#Ne9226",61218,10199,NA,27868,NA,7,4.5,NA,5,NA,NA,"aa8410469",0
"#za8944",15720,85007,NA,NA,NA,7.5,7,NA,NA,NA,"stu20","es8364810",0
"#kw2654",53806,53806,NA,64656,NA,6.5,4,NA,9,NA,NA,"js8959002",0
"#qY9083",82823,NA,NA,NA,NA,7,NA,8,NA,NA,NA,"bp4575539",0
"#pq4462",79380,88180,53232,NA,NA,6.5,9.5,6.5,NA,NA,NA,"bt1380619",0
"#GZ3184",85007,47753,29653,NA,68025,9.5,10.5,6.5,NA,11,"stu20","nm6411551",299020
"#ma3597",93213,15720,42435,NA,NA,6.5,5.5,12,NA,NA,NA,"nm8848194",0
"#dq0745",99608,85013,80524,NA,NA,6,12,9,NA,NA,NA,"al9816979",0
"#MH5031",75189,15720,93213,NA,NA,9.5,11,8.5,NA,NA,"jan5","lh8439363",0
"#me3812",38525,49572,NA,NA,NA,11.5,9,NA,NA,NA,"join15","kr4458227",0
"#AV2501",77436,28370,63115,53572,NA,9.5,6.5,9.5,11.5,NA,"stu20","mr8764537",0
"#oh3000",26232,53806,41463,94611,NA,11,10,7.5,9,NA,"jan5","sc2921714",0
"#Hk8058",38605,75578,NA,NA,NA,7,5.5,NA,NA,NA,"stu20","yz1148338",572513
"#op3966",89031,NA,NA,NA,NA,8,NA,8.5,NA,NA,NA,"lb6107032",720709
"#Up3457",62953,53900,65800,NA,NA,9,9.5,8.5,NA,NA,"xmas10","ar7649858",0
"#gw2015",85013,NA,NA,NA,NA,7.5,NA,NA,NA,NA,NA,"ad5591441",360089
"#iR0555",19857,13506,39218,NA,NA,4.5,8.5,7,NA,NA,"join15","km9291271",194324
"#Vt4025",55027,96257,20742,NA,79682,7,5,7,NA,8,"jan5","al7873293",658454
"#GF7013",43985,32032,79682,42435,NA,10.5,5,7,10,NA,NA,"jd4258682",0
"#JM2335",49572,77436,29653,NA,NA,6,9.5,7,NA,NA,"xmas10","cc9997543",185925
"#lf5581",79682,53900,65800,NA,75578,5.5,9,12,NA,10.5,"join15","bd3238250",0
"#FR9412",20742,NA,NA,NA,NA,9.5,NA,NA,NA,NA,NA,"vm6210722",0
"#jO2159",28093,17273,NA,NA,NA,9.5,7.5,NA,NA,NA,"join15","gl7002955",0
"#iC0377",21097,47941,62953,NA,NA,7.5,7.5,9.5,NA,NA,NA,"mh6760241",109541
"#hZ5307",19337,84167,52491,18638,NA,9,8.5,6.5,9.5,NA,NA,"rm2222427",0
"#wi9610",19842,63115,62953,NA,NA,5.5,12,8.5,NA,NA,"join15","ib2853104",0
"#NE7607",88180,47753,NA,NA,56140,4,5.5,NA,NA,6,NA,"ac9692595",557229
"#JN6937",98195,54268,79380,NA,NA,4.5,7,7,NA,NA,"jan5","ap5102001",0
"#Hd6901",54268,NA,NA,NA,NA,6.5,NA,NA,NA,NA,NA,"kh5738838",0
"#nd6259",29653,NA,NA,NA,NA,4,NA,NA,NA,6,"jan5","dh7223258",0
"#Iv6299",39218,NA,NA,NA,NA,7,NA,11,NA,NA,"stu20","nw1070635",186769
"#RP8325",26232,NA,NA,NA,NA,7,NA,6,NA,NA,NA,"th3922928",876856
"#kX9831",85013,76354,27868,NA,NA,8.5,7,7,NA,NA,NA,"ka4598290",0
"#BU3145",20742,75578,NA,47382,NA,9,8.5,NA,7.5,NA,"join15","sp6710528",484444
"#Hx6667",47382,47582,79380,49572,NA,9,11,12,10,NA,NA,"sk2603813",0
"#BD5529",47941,19337,84167,65800,56998,11.5,4,9,6,6.5,"stu20","fk6906992",0
"#HG7737",43985,10199,NA,NA,NA,4,8,NA,NA,NA,NA,"ja4212953",0
"#Rz6840",63115,83731,NA,26232,NA,6,9,NA,5,NA,"jan5","ko1654180",0
"#jP0897",61218,45589,NA,88180,NA,7.5,8.5,NA,4.5,NA,NA,"cb7588570",701091
"#is6086",68241,26232,68025,NA,NA,7.5,4.5,4,NA,NA,"jan5","ms8937259",0
"#Vr4741",85013,21097,NA,NA,NA,4,7,NA,NA,NA,NA,"rm7431233",0
"#ds7050",94956,19842,NA,85007,NA,10.5,5.5,NA,11,NA,NA,"lp1479503",0
"#VI1145",56140,65800,NA,93213,19337,7,7.5,NA,11.5,11.5,"join15","og8376264",0
"#uY8438",32032,10199,82823,NA,NA,4,4.5,5,NA,NA,"xmas10","nh9015352",0
"#LZ1168",71719,79682,53232,96257,NA,9.5,7,8,10.5,NA,NA,"ag4386343",0
"#oT5801",94956,79380,NA,NA,NA,8.5,8.5,NA,NA,NA,"jan5","lb4457210",0
"#Yv7157",18638,84167,94757,13506,NA,8.5,6.5,6.5,10.5,NA,"stu20","bs9644080",0
"#do0712",50694,77436,85007,53232,NA,7.5,10,7.5,9,NA,NA,"cc2408708",0
"#qZ8753",71344,26232,63115,NA,NA,11.5,4.5,6.5,NA,NA,"join15","gm4071918",0
"#PD7786",54268,42435,99318,NA,NA,11,10.5,6,NA,NA,"join15","bs1884548",0
"#cy0459",82823,97721,32461,47582,NA,4.5,10,6.5,11.5,NA,NA,"fb9919510",370666
"#XK8140",73481,96055,10199,NA,32459,7,10.5,9.5,NA,6.5,"join15","mb4123078",557229
"#qP6815",71344,NA,NA,NA,NA,7,NA,NA,NA,NA,NA,"cj4504136",0
"#eC1147",18638,83883,NA,77436,NA,8,7.5,NA,9,NA,"stu20","hb9138901",0
"#Zq5695",85013,20742,19337,32032,NA,10,8.5,5,5.5,NA,"join15","rh9047854",0
"#Km7514",68025,75189,NA,47582,NA,9,6.5,NA,11.5,NA,NA,"bo2861079",0
"#Wg3708",82823,94611,29653,NA,NA,10.5,11,11.5,NA,NA,NA,"ld8133207",0
"#UU7831",50783,NA,NA,NA,NA,10.5,NA,NA,NA,NA,NA,"is6338826",0
"#gM8714",47582,60953,55680,NA,NA,4.5,10.5,4.5,NA,NA,NA,"pc5505691",0
"#Ok6280",96055,28370,NA,NA,NA,7,5.5,NA,NA,NA,"join15","mr9359852",0
"#Xq8062",13562,85013,66474,NA,NA,6.5,6,8,NA,NA,NA,"ce9515019",608360
"#an1894",65800,47941,NA,NA,NA,10.5,8,NA,NA,NA,NA,"es9457685",0
"#cI0169",75189,NA,NA,NA,NA,11,NA,6.5,9.5,NA,"stu20","dd6639734",772958
"#eM7155",29653,NA,NA,NA,NA,4,NA,8,NA,6,NA,"jw7026656",0
"#RC9285",49572,NA,NA,NA,NA,8,NA,NA,NA,NA,"stu20","ml4272910",0
"#xE1139",84955,71344,NA,NA,NA,12,5,NA,NA,NA,NA,"bc5119423",0
"#hg9434",82823,39218,NA,NA,NA,9.5,10,NA,NA,NA,"stu20","pd2061078",0
"#BI2806",28093,71458,47753,NA,NA,7.5,6.5,11,NA,NA,NA,"ep7826738",0
"#HK6995",55680,NA,NA,NA,NA,6.5,NA,11.5,5.5,NA,"stu20","ss5596454",0
"#pL4655",99608,75578,56140,56140,NA,5.5,7,5,10,NA,NA,"em5478874",972713
"#pp3995",71458,53900,NA,NA,NA,12,12,NA,NA,NA,NA,"dd9962356",0
"#FW6048",84167,99318,47941,62953,NA,10,12,6.5,10.5,NA,"xmas10","fh5930102",0
"#lc7239",98195,52491,NA,NA,NA,10,10,NA,NA,NA,"stu20","ae4182905",0
"#Xh9965",32459,63115,NA,NA,NA,9,4,NA,NA,NA,"stu20","jc1259535",0
"#zG5483",84167,87193,NA,NA,NA,9,5,NA,NA,NA,"stu20","ib9360180",0
"#XV9143",62953,NA,NA,NA,NA,6.5,NA,NA,NA,4.5,NA,"dm2995108",0
"#Sb9842",47753,56140,NA,80524,NA,8.5,9.5,NA,4,NA,NA,"sm3421812",0
"#qf1190",55027,55027,NA,13506,23220,5,5.5,NA,9.5,7,NA,"sf4083630",0
"#lo9112",88180,42435,96055,NA,NA,11,11,9,NA,NA,NA,"mm7787706",0
"#WV9160",41463,55680,77436,NA,NA,5.5,6,8,NA,NA,"jan5","mi8553238",896252
"#RW5854",62953,38525,39218,28093,NA,6,7,10,4,NA,NA,"db6795116",0
"#Xj1123",56140,42435,93356,NA,28370,5.5,9.5,10.5,NA,9,NA,"ko4309313",484444
"#Bu5442",53232,13562,NA,84167,NA,9.5,11,NA,4,NA,NA,"rw8405827",0
"#bF3749",77436,53806,85007,NA,NA,7.5,10,12,NA,NA,NA,"mm8452442",910889
"#DR9894",53572,55856,80524,32461,NA,12,8,9,7.5,NA,"join15","ht4613814",0
"#LR7267",68167,NA,NA,NA,NA,4.5,NA,NA,NA,NA,NA,"jb7351704",0
"#Eu0012",73481,47941,54268,NA,NA,10,4.5,11,NA,NA,"xmas10","wh3015374",0
"#wo8390",28093,24627,84955,NA,NA,12,5,12,NA,NA,"xmas10","st1320807",121644
"#lN3059",96316,64656,NA,55680,NA,8,6,NA,8,NA,NA,"sm2093450",150240
"#rN6031",13562,18638,26232,NA,61218,11,8.5,7.5,NA,10.5,"xmas10","sc4308005",895051
"#Gx8568",63115,28370,39218,NA,23267,8,7.5,4.5,NA,10,NA,"fs6049614",972713
"#AB6823",66474,77436,71719,NA,NA,8,10,10.5,NA,NA,NA,"rb3251348",0
"#tA2700",41463,32032,NA,16458,NA,6,11.5,NA,11.5,NA,NA,"ef2800787",703426
"#Af9586",24627,NA,NA,NA,NA,8.5,NA,NA,NA,NA,NA,"mg1039794",0
"#yI7704",76354,47582,93213,NA,NA,4.5,7,5,NA,NA,NA,"li3747015",0
"#dS3041",88180,50694,NA,29254,NA,7,7.5,NA,8.5,NA,"join15","gg3072829",0
"#HQ3967",97721,38525,77436,53232,NA,11.5,11,9.5,5,NA,"jan5","ar2621645",182919
"#PY2840",82823,63115,53232,NA,NA,11,8,6,NA,NA,"xmas10","ap8597330",0
"#IB6704",89031,NA,NA,NA,NA,11,NA,9,NA,NA,NA,"nt2125270",0
"#nC6177",79380,56998,77436,NA,56140,4,6.5,8.5,NA,8,"join15","jo1268122",0
"#wa1578",60953,84955,NA,88180,NA,5,10.5,NA,11,NA,NA,"ml3973945",182919
"#zr1943",35650,10199,53232,NA,NA,10.5,9.5,6.5,NA,NA,"stu20","mw4538289",0
"#eZ4792",38605,89031,NA,NA,NA,5.5,4,NA,NA,NA,"join15","zc9856575",186945
"#Fg7993",15720,85007,53572,NA,NA,10.5,7,6,NA,NA,NA,"eb2817314",0
"#Dh7516",17273,NA,NA,NA,NA,4.5,NA,8,6,NA,"stu20","mg3999069",0
"#og7392",53572,52491,73481,NA,NA,5.5,7,4.5,NA,NA,"jan5","lp8681238",0
"#Hq8487",98195,19842,NA,NA,NA,4,7,NA,NA,NA,NA,"dc8252059",0
"#RM6869",28093,NA,NA,NA,NA,11.5,NA,NA,8,NA,NA,"mv2699145",0
"#Ub2676",87193,71344,43985,NA,NA,10,7.5,9.5,NA,NA,"xmas10","jm7583998",0
"#Kt8639",52491,80115,71719,93356,NA,8,8,8,9,NA,NA,"lt7157299",946073
"#aN8032",19842,43985,50783,NA,NA,5.5,11,9.5,NA,NA,"join15","sd5535901",0
"#af6300",61218,20742,NA,NA,NA,7,11,NA,NA,NA,"join15","nn8344245",0
"#tJ2062",39218,80524,NA,NA,NA,5,11.5,NA,NA,NA,"join15","sp7286128",0
"#qe3921",99318,68703,NA,NA,NA,12,6.5,NA,NA,NA,"jan5","hr8768902",194780
"#BI4402",43985,NA,NA,NA,NA,12,NA,NA,NA,NA,"join15","ck9227477",0
"#Hb3622",16458,32461,55027,50783,NA,9.5,6.5,8,6.5,NA,NA,"jb1590452",0
"#Pa6429",54659,71458,NA,NA,NA,11.5,6,NA,NA,NA,"join15","cl3742683",0
"#Hd9883",53900,32032,68167,27868,NA,8,7,8,6.5,NA,NA,"sf8099722",0
"#Rx9164",89031,NA,NA,NA,NA,11.5,NA,7.5,11,NA,NA,"gm1982885",701091
"#Qu0266",32461,84955,85013,NA,NA,7.5,10.5,7,NA,NA,"join15","ie4912269",0
"#qJ7529",24627,NA,NA,NA,NA,12,NA,11.5,10.5,NA,"xmas10","sg2490651",0
"#Ax4788",73557,53900,NA,87193,NA,7.5,7,NA,6,NA,NA,"kh6869933",0
"#qV4151",79682,55680,80115,NA,NA,8.5,6,9.5,NA,NA,"stu20","aa9763772",0
"#In0753",77436,53572,NA,NA,NA,6,9,NA,NA,NA,"xmas10","od7360165",0
"#DD7181",93356,29653,53900,10199,NA,5.5,12,9,9.5,NA,NA,"fh8905840",0
"#gw0158",88180,NA,NA,NA,NA,8.5,NA,8,NA,NA,NA,"gm5446109",0
"#OO5765",65800,47582,53232,52491,NA,7.5,6,12,8,NA,NA,"dk5673738",645103
"#UM6855",16458,NA,NA,NA,NA,8,NA,5,4,NA,"xmas10","ds8833090",0
"#QQ5462",47753,NA,NA,NA,NA,6,NA,5,NA,NA,"join15","gw8362200",713527
"#Dp3971",38605,10199,19337,NA,NA,6,6,4.5,NA,NA,NA,"ha9799106",0
"#OJ3601",85013,89031,NA,NA,NA,7.5,11,NA,NA,NA,NA,"ac8353929",0
"#hI1671",99608,NA,NA,NA,NA,7.5,NA,NA,9.5,NA,"stu20","eh1858109",0
"#ZM3904",41463,89031,29653,43985,NA,10,10,8,9,NA,NA,"vt9442283",874863
"#FK8308",40781,NA,NA,NA,NA,9.5,NA,NA,NA,NA,NA,"gs1182219",0
"#xJ1069",53232,40781,45589,NA,NA,11.5,9.5,11,NA,NA,"jan5","eb4326668",0
"#we4962",39218,21097,80524,94956,NA,10.5,4,6,9,NA,NA,"md2183390",191441
"#Pj6338",56140,NA,NA,NA,NA,4.5,NA,7,NA,NA,NA,"gp6378286",0
"#wI8571",19842,49572,NA,43985,NA,6,8.5,NA,5,NA,NA,"cp3125084",980753
"#fQ4643",99608,80524,NA,NA,NA,8.5,12,NA,NA,NA,"xmas10","wk3814341",0
"#pN0739",55856,68167,NA,68167,NA,4.5,7.5,NA,6,NA,"join15","ct4910577",0
"#Nu6955",47382,12675,96316,NA,NA,5,8,6.5,NA,NA,"stu20","dw6934219",0
"#Qc5743",96055,39218,NA,NA,NA,12,8.5,NA,NA,NA,"stu20","di8246179",0
"#gI1699",71458,71344,65800,NA,16458,6.5,9.5,6,NA,8,"join15","sc8752504",0
"#hd2381",24627,NA,NA,NA,NA,9.5,NA,NA,NA,NA,NA,"fh7862964",0
"#HW0623",55027,73557,NA,NA,NA,9,10.5,NA,NA,NA,"stu20","pl9264205",0
"#OL2795",19842,NA,NA,NA,NA,10,NA,9,10.5,NA,NA,"sa5252526",186945
"#am3068",84167,79380,NA,NA,NA,7.5,4,NA,NA,NA,"stu20","ka3690681",0
"#IS8105",61218,76354,63115,NA,NA,7.5,9.5,4.5,NA,NA,NA,"rs8360008",0
"#TR7624",96055,29653,32459,NA,NA,4.5,7.5,9.5,NA,NA,NA,"jh3006353",0
"#kF9265",93356,53572,47941,NA,NA,5.5,11,9.5,NA,NA,"xmas10","sg4890489",0
"#GA3143",83731,94611,NA,19337,NA,11,9.5,NA,11,NA,NA,"vd3649526",0
"#Gn3515",75189,NA,NA,NA,NA,6,NA,5.5,11,NA,NA,"kd9342100",0
"#tB9420",53806,53572,50783,NA,NA,12,7.5,10,NA,NA,NA,"wa6858828",0
"#oq6195",68241,38525,63115,NA,NA,11,4,9.5,NA,NA,NA,"hg8742021",319967
"#JH7402",62953,89894,88180,NA,NA,9.5,10,8,NA,NA,NA,"gp2025362",0
"#ZY6892",56140,68167,NA,NA,NA,11,11.5,NA,NA,NA,"join15","gs8922007",0
"#Ux9510",40781,38525,85013,NA,NA,9,6,10,NA,NA,NA,"vm2605671",0
"#Br3619",80524,23267,12675,NA,NA,6.5,11.5,11.5,NA,NA,"join15","nb4029362",925134
"#AT0209",29653,84167,NA,55027,NA,10.5,7.5,NA,10,NA,NA,"tt2055484",0
"#WZ2365",82823,NA,NA,NA,NA,8.5,NA,NA,NA,NA,NA,"tv4098757",634675
"#aY4471",29653,43985,NA,68025,NA,8,11.5,NA,6.5,NA,"jan5","gf8946073",0
"#Cd0906",47582,26232,NA,NA,NA,10.5,6,NA,NA,NA,NA,"kg7420899",0
"#vJ0216",38525,10199,42435,NA,NA,12,4.5,4.5,NA,NA,"xmas10","lm6790682",413168
"#SW8480",73481,64656,50783,NA,NA,8.5,9,9,NA,NA,NA,"et2656072",0
"#LI5015",89031,55680,NA,75189,NA,6,11.5,NA,9,NA,"join15","rb5887255",0
"#Ry4750",38605,NA,NA,NA,NA,9,NA,4.5,NA,NA,"jan5","mp8864524",387253
"#or9207",47382,66474,83731,89031,NA,5.5,11.5,6.5,5.5,NA,NA,"lr6166389",996681
"#fm6745",56998,71458,NA,NA,NA,10,5,NA,NA,NA,"join15","bm4515800",0
"#qi0436",94611,NA,NA,NA,NA,12,NA,5.5,NA,NA,NA,"ms8771475",0
"#es1630",47753,55856,83883,NA,NA,5,12,11,NA,NA,NA,"fg3020905",0
"#WR4062",80524,39218,NA,NA,NA,4.5,8,NA,NA,NA,"xmas10","nm8661602",123171
"#OJ8301",10199,NA,NA,NA,NA,4.5,NA,10.5,11,5,"jan5","cc6631313",0
"#wN0647",35650,87193,NA,NA,NA,9.5,9,NA,NA,NA,"join15","cs5036769",0
"#HX7795",43985,89894,54268,NA,NA,10,11.5,11,NA,NA,NA,"bm1817942",952241
"#Xw4551",28093,56998,41463,41463,NA,8.5,6.5,12,9,NA,"join15","bl3930725",186769
"#au3749",13506,35650,NA,50694,NA,7.5,10,NA,5.5,NA,NA,"sb2193841",0
"#iS8347",32032,38525,NA,54268,NA,9.5,5,NA,8,NA,"xmas10","ko5036101",0
"#oN2618",75578,71344,73557,NA,NA,7.5,9.5,11,NA,NA,NA,"rb5662224",0
"#KB6375",75578,61218,NA,NA,NA,6.5,9.5,NA,NA,NA,"join15","cr2719070",0
"#dp5684",53572,10199,97721,93356,NA,8.5,10.5,8.5,8.5,NA,"join15","jw2987935",910889
"#om3447",16458,71458,NA,NA,NA,6.5,6.5,NA,NA,NA,NA,"gn3559038",980753
"#ih8795",32459,19857,87193,NA,NA,11,10,5,NA,NA,"stu20","gu8851351",0
"#yV6637",76354,64656,NA,NA,NA,4,9,NA,NA,NA,NA,"dg5662739",914280
"#Yf1122",47382,47582,NA,47582,19842,5.5,8.5,NA,10,10,"join15","sh9468484",0
"#hV7255",53806,NA,NA,NA,NA,6.5,NA,NA,NA,NA,"jan5","do8296502",0
"#Qd6108",80524,41463,64656,NA,84167,8.5,12,5.5,NA,12,NA,"sr1116502",0
"#CW1581",84167,39218,84167,15720,NA,11,8.5,7.5,6,NA,"jan5","mr5753833",0
"#Ij5495",12675,66474,47753,NA,NA,12,10,12,NA,NA,"jan5","pt6525965",0
"#bc7877",53232,83731,NA,NA,NA,10,4,NA,NA,NA,"stu20","sk8415009",0
"#WE0831",12675,94956,NA,NA,NA,5,5,NA,NA,NA,"xmas10","me3737816",0
"#Ga7354",17273,32459,19857,NA,NA,7.5,8,8.5,NA,NA,NA,"ew4615580",0
"#lB1440",54659,53572,NA,32461,NA,6.5,4.5,NA,9.5,NA,NA,"xb6816383",0
"#Jw7666",43985,53232,88180,NA,NA,10,4.5,6,NA,NA,"stu20","kc9171088",0
"#Kc4254",71719,32461,12675,NA,NA,12,8.5,8,NA,NA,"jan5","cj6649573",0
"#eI0469",35650,75578,NA,NA,NA,12,6.5,NA,NA,NA,NA,"ft1709458",0
"#PJ5250",79380,38605,98195,NA,NA,11,5,8.5,NA,NA,NA,"hb5262649",0
"#Ya2844",27868,64656,93213,10199,NA,8,4.5,4,10,NA,"join15","ko9990506",186945
"#NH1679",13562,42435,NA,94611,79380,4,8.5,NA,6,5,"stu20","mx4419894",0
"#Ig3264",27868,NA,NA,NA,NA,10,NA,11.5,NA,9,NA,"md2518064",191441
"#bP1683",27868,54659,NA,21097,NA,7.5,8,NA,11,NA,NA,"nb4499045",0
"#zs5492",63115,17273,NA,68703,NA,11,11,NA,9.5,NA,"join15","lt8145021",760471
"#kw5050",54268,19337,NA,NA,NA,7.5,4,NA,NA,NA,NA,"jh9557661",0
"#Bw8728",63115,71719,NA,NA,NA,11,11,NA,NA,NA,"join15","jf2732360",0
"#dg5949",23267,55680,94956,NA,NA,10,5,10,NA,NA,NA,"mh1448915",0
"#WQ5201",88180,35650,NA,41463,NA,5.5,6.5,NA,10,NA,NA,"cm4496196",0
"#lv8337",12675,97721,56998,27868,NA,7,5.5,6,4.5,NA,"jan5","dl7196082",767065
"#EW1836",93213,56998,NA,NA,NA,11,9,NA,NA,NA,"xmas10","ao7002227",466687
"#LP6067",54659,88180,24627,19337,94611,5.5,8,11.5,10.5,8,NA,"sl5032507",0
"#lZ8042",93213,63115,13562,21097,NA,11,12,5.5,4,NA,NA,"wa4936199",0
"#Yg5385",32461,80115,NA,NA,NA,7,8.5,NA,NA,NA,"jan5","kl7263451",0
"#xV2254",96316,80115,NA,NA,NA,11.5,5,NA,NA,NA,"jan5","dj8392041",192330
"#Zz7464",55027,68241,54268,NA,NA,9.5,11,4,NA,NA,"join15","tf3947120",703426
"#dB4927",84167,40781,66474,84955,NA,11,4.5,8,4.5,NA,NA,"bo9739872",0
"#Nk9970",12675,23267,87193,40781,NA,7.5,7.5,5,7.5,NA,NA,"jo4296747",372768
"#SH3896",53572,38525,19857,NA,NA,4,11,8.5,NA,NA,NA,"mi5836261",0
"#Cr4568",68241,99608,55856,NA,NA,6.5,6,6,NA,NA,"xmas10","jm8213616",0
"#ki7873",55680,76354,96316,NA,NA,10,4.5,6,NA,NA,NA,"gb5437301",452043
"#Eh0161",83731,99318,NA,53572,NA,5,4,NA,4,NA,"join15","hv4377671",587669
"#Wz5511",94956,47753,93213,53232,NA,9,9.5,9,9,NA,"join15","fs8422890",902414
"#JQ0258",68703,56998,NA,62953,NA,5.5,11,NA,11.5,NA,"join15","kc8476161",0
"#Fj8199",23267,56998,32459,NA,NA,7,11,7.5,NA,NA,"jan5","wk5542050",0
"#SI7572",94757,17273,68703,35650,NA,10.5,11.5,9,6,NA,"jan5","bl9026262",0
"#Rx0275",42435,NA,NA,NA,NA,12,NA,6.5,NA,NA,"jan5","hm3474901",0
"#ee5192",15720,39218,19337,NA,NA,7.5,4.5,8.5,NA,NA,"jan5","rd4638039",0
"#hm8517",29653,89031,75189,NA,NA,7,8.5,10.5,NA,NA,"jan5","bs1021643",0
"#hz3715",99608,38605,NA,NA,NA,11,9,NA,NA,NA,NA,"mw9841094",0
"#xe0651",89031,NA,NA,NA,NA,9,NA,10,NA,NA,NA,"wb9902895",0
"#OT9902",64656,64656,NA,NA,NA,4.5,6.5,NA,NA,NA,NA,"lh3775160",222338
"#vI3487",96316,45589,NA,80524,NA,8.5,11,NA,8,NA,"join15","nr2180785",0
"#Zf7750",60953,55856,53232,45589,79682,11.5,4,4,5,8.5,NA,"dr4060362",466687
"#cA1269",28370,NA,NA,NA,NA,10.5,NA,9,NA,NA,"stu20","zr8150327",0
"#cg3418",68241,62953,NA,NA,80115,9,4.5,NA,NA,7.5,NA,"as9157661",0
"#GG2980",43985,53572,94757,NA,NA,9.5,8,8.5,NA,NA,NA,"tj7721246",0
"#Hf4946",93356,38605,NA,87193,NA,9,8.5,NA,4.5,NA,NA,"is6910689",0
"#vu5142",15720,79682,32459,NA,NA,5,11,4.5,NA,NA,NA,"gb8833019",0
"#pm1456",79682,NA,NA,NA,NA,11.5,NA,9.5,11,NA,NA,"om4715057",145246
"#en3809",61218,54268,42435,47382,NA,6.5,11,10,8.5,NA,NA,"gw5168183",0
"#en5916",54268,54659,94956,75578,NA,11,4.5,8,11,NA,"stu20","pm3116991",0
"#Ii4398",18638,17273,60953,NA,NA,8.5,6,7,NA,NA,"jan5","lg9540136",351963
"#wm7578",68241,27868,55027,93213,NA,4.5,11.5,11.5,5.5,NA,NA,"fp2747420",191441
"#Xe2037",84167,89031,NA,NA,NA,9.5,8,NA,NA,NA,NA,"vs9146222",0
"#RD9365",84167,23267,32461,NA,NA,6.5,11.5,9,NA,NA,NA,"ll7914455",733305
"#Gs1392",79682,32459,NA,99608,NA,9.5,10.5,NA,9,NA,"join15","jf4828108",0
"#vh3918",68167,53806,NA,23220,NA,9,4,NA,7.5,NA,NA,"ms7603479",0
"#cM8507",83883,47582,98195,NA,NA,4,9.5,6,NA,NA,"stu20","ag3755932",0
"#Br8948",56998,55856,75189,NA,NA,7.5,9,10.5,NA,NA,NA,"hp6449695",0
"#Od4126",52491,54659,99318,41463,NA,11,8,8.5,7.5,NA,"jan5","lf7628136",0
"#Zm8852",32461,68025,85013,NA,NA,6,4,7,NA,NA,NA,"ad4683816",0
"#iF9590",18638,NA,NA,NA,NA,12,NA,10,NA,7.5,NA,"bg5228106",547250
"#WI1588",80524,35650,NA,47753,NA,4,10,NA,9.5,NA,"jan5","zr5243849",0
"#zX0686",83883,97721,NA,NA,NA,11,10,NA,NA,NA,NA,"jr5461003",0
"#kY5195",68241,71344,NA,15720,71458,4,4,NA,6,10.5,"jan5","nf3469162",0
"#Ff4302",71719,55856,NA,NA,NA,9,9,NA,NA,NA,"join15","rp8442979",898451
"#iI2977",93356,85007,29653,NA,NA,6.5,10.5,11,NA,NA,"xmas10","wd1114897",0
"#Gm7159",27868,56998,NA,NA,NA,9.5,9,NA,NA,NA,"xmas10","mc8362451",0
"#jZ3864",54659,17273,NA,NA,NA,9.5,11,NA,NA,NA,NA,"lc5001455",299020
"#UN4574",17273,45589,94611,12675,NA,8,11.5,7,12,NA,"jan5","er5256098",0
"#pL6832",29653,68241,56140,60953,NA,7,11.5,4,5,NA,"xmas10","jb5414150",0
"#TC3782",17273,28093,NA,NA,NA,10.5,6.5,NA,NA,NA,"jan5","mt5412658",0
"#HI0165",54268,66474,NA,79380,NA,6.5,10,NA,4,NA,NA,"kh2042966",0
"#Wh5375",47582,47753,NA,NA,NA,6.5,9,NA,NA,NA,"jan5","tc3782240",0
"#is3971",87193,10199,19337,NA,NA,7,7,4.5,NA,NA,NA,"ch8056927",0
"#zv5642",15720,63115,NA,NA,NA,10,7,NA,NA,NA,NA,"wm3122206",0
"#Ns2344",98195,85013,53900,NA,NA,9,6.5,12,NA,NA,NA,"gr1130144",682078
"#qO0563",24627,20742,99318,94757,NA,8,7.5,11,8.5,NA,"jan5","ec4214944",387253
"#wf9531",32032,55680,68241,NA,NA,9,10,9.5,NA,NA,"join15","el3698381",0
"#sF7758",32032,15720,NA,47382,NA,11.5,7.5,NA,4,NA,"stu20","jc8244823",0
"#nK5972",71719,60953,10199,NA,NA,6.5,7,5,NA,NA,"xmas10","gr3569315",286869
"#Sg5216",23220,60953,88180,NA,NA,12,4.5,5.5,NA,NA,"xmas10","ba1267743",521999
"#qN9161",89894,71719,71344,NA,NA,4,10.5,9.5,NA,NA,"join15","em1821317",0
"#ns5545",10199,73481,NA,NA,NA,11,9.5,NA,NA,NA,"stu20","sb6405168",0
"#TE0064",17273,32459,NA,13562,NA,6,4.5,NA,9,NA,NA,"sc5521721",0
"#OH1094",20742,94611,71458,13506,NA,6,5,8.5,6.5,NA,"xmas10","cp6772063",0
"#ZW7821",68025,12675,NA,NA,NA,10.5,4.5,NA,NA,NA,"join15","lp9549283",0
"#qH4915",42435,45589,NA,NA,NA,4,4,NA,NA,NA,"jan5","zb5149340",0
"#of8088",47582,NA,NA,NA,NA,9.5,NA,NA,11,NA,"jan5","ms2150500",0
"#oZ2167",28370,NA,NA,NA,NA,7,NA,11,NA,NA,"jan5","tf5968029",0
"#Zs4484",45589,56140,18638,NA,NA,10,11,4,NA,NA,"jan5","bb4587129",0
"#iw8485",43985,68025,93213,NA,NA,11.5,5,11.5,NA,NA,NA,"da1920754",0
"#zS2916",65800,16458,NA,NA,NA,4.5,11,NA,NA,NA,"join15","cf6042751",0
"#Je3273",75578,53900,NA,87193,NA,9,10,NA,7,NA,"join15","jp9997284",0
"#sN2379",60953,71719,NA,NA,NA,8.5,7.5,NA,NA,NA,NA,"gm7889209",0
"#Bp9564",97721,68703,43985,43985,NA,4,9.5,10,9,NA,NA,"am8957008",0
"#Ti7651",68703,32461,20742,NA,NA,7.5,6,4,NA,NA,"jan5","gj9280676",0
"#Mc4136",80524,87193,NA,NA,NA,6,5,NA,NA,NA,NA,"rg5277248",0
"#LQ1624",84955,16458,NA,NA,NA,10.5,7.5,NA,NA,NA,NA,"ae4511939",281857
"#VT1147",20742,76354,50694,NA,NA,10,8,5.5,NA,NA,"jan5","ab6859883",0
"#Yq6154",94956,32032,NA,55856,NA,12,10.5,NA,4.5,NA,"join15","re1598037",0
"#re8903",24627,NA,NA,NA,NA,10,NA,8,NA,NA,NA,"ag6582907",0
"#Ut6933",50694,60953,NA,NA,NA,11,8.5,NA,NA,NA,NA,"zf2221834",0
"#aR8833",32461,27868,NA,NA,35650,8,9,NA,NA,9.5,NA,"bp9673458",0
"#dA9748",65800,12675,89894,NA,NA,7.5,10.5,10,NA,NA,"join15","fp4010715",0
"#EO9315",62953,28093,32461,68241,NA,6.5,8,11,7,NA,NA,"sm3598960",299020
"#fJ6957",77436,13562,NA,NA,NA,10,12,NA,NA,NA,"jan5","ed3996532",0
"#mY2176",50694,NA,NA,NA,NA,5,NA,NA,9.5,NA,NA,"cz1973670",0
"#rZ5605",77436,27868,71344,NA,NA,4.5,9,8,NA,NA,NA,"hd3896964",0
"#kS7415",94757,55680,60953,NA,NA,5,5,5,NA,NA,NA,"eh4088238",0
"#ub4746",10199,32032,71458,40781,NA,10.5,8,10.5,9.5,NA,"xmas10","bh1217199",0
"#vJ5222",38605,35650,39218,NA,NA,4,8,10.5,NA,NA,"stu20","kp6438764",0
"#nZ1233",77436,52491,27868,NA,NA,10.5,7,10,NA,NA,NA,"gc1384227",0
"#jc0540",12675,42435,29653,NA,NA,4.5,7,11.5,NA,NA,"join15","af8528363",946073
"#Qn4524",77436,89031,20742,53900,NA,10,12,6.5,11.5,NA,NA,"eb1982448",0
"#Lw3768",83883,NA,NA,NA,NA,7.5,NA,10.5,NA,5.5,"stu20","wc5127865",0
"#OK0896",89894,52491,96055,55856,NA,8,9,9.5,5.5,NA,NA,"rw7548770",0
"#YH2035",97721,60953,39218,NA,NA,5.5,5,4,NA,NA,NA,"me7046413",0
"#JF1437",32461,83883,NA,NA,NA,9,6.5,NA,NA,NA,NA,"db1062626",0
"#Mi1768",94611,32032,NA,NA,NA,9,11,NA,NA,NA,NA,"ds6322499",0
"#RA1474",79380,82823,NA,NA,NA,4.5,11.5,NA,NA,NA,"jan5","rv7848314",0
"#Tw3705",15720,NA,NA,NA,NA,6,NA,NA,NA,NA,NA,"bb1071924",0
"#nd7007",87193,17273,NA,83731,NA,4,8,NA,4.5,NA,NA,"sl3395962",0
"#QR9532",89031,64656,55680,NA,NA,8.5,4,11.5,NA,NA,NA,"zw4354937",0
"#Tv5347",19842,82823,NA,NA,41463,11.5,5,NA,NA,12,"jan5","db9131866",0
"#GF2575",42435,56998,NA,17273,NA,11.5,11.5,NA,6,NA,"jan5","jl3592777",0
"#nv0224",50694,85013,73557,NA,68167,11.5,10,8,NA,4.5,"join15","jb3158602",0
"#rs9362",50783,41463,45589,89031,NA,6.5,4,8.5,8,NA,"xmas10","nm4415173",0
"#ER8800",93213,62953,NA,NA,NA,8,12,NA,NA,NA,NA,"kr8590418",0
"#NY8883",23220,68167,99608,NA,NA,5.5,11,8.5,NA,NA,NA,"lg7028187",0
"#Ga1619",39218,52491,32461,89894,NA,10.5,5,5.5,4,NA,NA,"be6996281",0
"#JF0061",54659,NA,NA,NA,NA,11.5,NA,NA,NA,NA,"jan5","jj2020273",0
"#ME2897",89894,80115,NA,32459,NA,11,12,NA,7.5,NA,NA,"ja5306552",0
"#qf2679",84167,NA,NA,NA,NA,8,NA,NA,NA,NA,NA,"bn2723888",0
"#pE3623",32032,93213,75189,53232,NA,7,12,9,5,NA,NA,"jc8922788",0
"#Xr4145",32459,94757,53806,52491,NA,9,12,9,5,NA,"xmas10","jw8228501",0
"#JF5817",23267,32459,NA,NA,61218,12,5.5,NA,NA,9.5,NA,"hk2012950",974160
"#qI9865",47941,84955,NA,83883,NA,10,9.5,NA,5,NA,NA,"dc2139814",0
"#kX4201",84167,53900,NA,NA,27868,9,6.5,NA,NA,7,NA,"lb5116702",0
"#sT0020",88180,NA,NA,NA,NA,5,NA,12,12,NA,"jan5","mm4235832",0
"#MJ0777",53900,93213,NA,NA,NA,11,6,NA,NA,NA,NA,"io9554752",0
"#cL6246",20742,50694,65800,NA,NA,4.5,7.5,10.5,NA,NA,"stu20","dr7055296",0
"#VZ4264",71344,39218,NA,NA,NA,7.5,11.5,NA,NA,NA,"jan5","vc9542884",0
"#Yx2860",50694,13506,NA,NA,NA,8,7,NA,NA,NA,NA,"kd5716005",0
"#KD7803",80524,49572,47582,NA,NA,12,5,5.5,NA,NA,NA,"bb9423427",0
"#lf1063",66474,79682,NA,94611,NA,6.5,7.5,NA,11.5,NA,NA,"mm2139924",0
"#Pj7539",24627,50694,NA,NA,NA,5,6.5,NA,NA,NA,NA,"kd4100357",0
"#fv4423",45589,NA,NA,NA,NA,6.5,NA,NA,NA,NA,NA,"ec2972703",512564
"#Ga8759",97721,99318,38525,NA,NA,10.5,5.5,8,NA,NA,NA,"kj9672556",0
"#Jt4124",93356,28093,10199,NA,NA,8.5,12,7,NA,NA,"stu20","lg8001071",0
"#Op4505",39218,65800,47941,NA,NA,4.5,12,6,NA,NA,"jan5","cf5789118",0
"#Qu7424",84955,NA,NA,NA,NA,6.5,NA,NA,NA,NA,"xmas10","ks6421432",0
"#fo3966",15720,94757,NA,88180,NA,8.5,9.5,NA,10.5,NA,"jan5","av9146610",767065
"#LI1126",53232,63115,NA,94757,NA,5.5,5.5,NA,7.5,NA,NA,"mg8904259",0
"#HT3199",63115,65800,16458,45589,NA,7,8,12,5,NA,"join15","mc1893132",0
"#xq7001",21097,35650,49572,NA,NA,8,7.5,8,NA,NA,"stu20","er7160319",182919
"#Pg0681",10199,89031,16458,NA,NA,10.5,11,7.5,NA,NA,"join15","ar3718998",0
"#Ph0584",39218,49572,71719,NA,NA,6,11.5,11,NA,NA,NA,"cm3326838",0
"#le1625",19337,50783,NA,68703,NA,10,12,NA,8.5,NA,NA,"nd1796508",0
"#Bx4091",23220,68241,42435,NA,NA,10.5,5,11.5,NA,NA,NA,"cb2468743",0
"#MS3502",47753,19857,NA,NA,NA,5,5.5,NA,NA,NA,NA,"ls8199737",0
"#th0931",56140,53806,88180,NA,NA,9,12,7,NA,NA,NA,"va3713257",0
"#Qq4434",76354,80115,19337,47753,NA,10,9.5,7,7.5,NA,NA,"sd9801609",557229
"#dP1818",96257,NA,NA,NA,NA,10.5,NA,NA,10,NA,"join15","fp8364378",0
"#Ao6467",24627,65800,NA,NA,NA,10.5,11.5,NA,NA,NA,NA,"ec5353156",0
"#QJ3158",89031,NA,NA,NA,NA,6.5,NA,NA,9.5,NA,"jan5","gr1676871",0
"#HT9793",96257,42435,80115,NA,89894,11.5,10,10,NA,5,"xmas10","cp7886128",0
"#tH7092",29653,93213,NA,47941,NA,11,5.5,NA,7.5,NA,"jan5","hs6554422",0
"#hH5405",19857,71344,NA,NA,NA,12,8,NA,NA,NA,NA,"ma2749353",0
"#JX6405",84955,98195,61218,42435,NA,5.5,7,6,12,NA,NA,"kt4415307",0
"#ZO5196",93213,55680,NA,NA,NA,8.5,9,NA,NA,NA,NA,"bh7260870",0
"#qM2212",55027,10199,16458,68703,NA,8,4,12,5.5,NA,"stu20","ep9374038",0
"#hw8761",83731,NA,NA,NA,NA,6.5,NA,4,12,NA,NA,"fr1137068",0
"#nH3209",17273,NA,NA,NA,NA,7.5,NA,9,NA,NA,"xmas10","tm7655956",0
"#hF8393",19337,NA,NA,NA,NA,9,NA,NA,NA,NA,"xmas10","bl7080582",0
"#Rc3240",68703,62953,NA,NA,73481,9,6,NA,NA,7,"join15","mh2089016",0
"#xs4723",99608,NA,NA,NA,NA,7,NA,NA,9.5,NA,"join15","sb5097446",0
"#Qc8609",56140,77436,71458,NA,NA,10,10,12,NA,NA,NA,"as7976926",0
"#po4130",87193,20742,28093,50783,NA,5,9,11.5,8.5,NA,"xmas10","wf6167257",0
"#xt8234",10199,80524,13506,12675,NA,4.5,5,10,6,NA,"stu20","es9661800",0
"#qE8455",50694,99608,NA,62953,NA,10.5,7,NA,11,NA,"stu20","bl3782963",0
"#Bk1773",80524,17273,NA,NA,NA,9.5,7.5,NA,NA,NA,NA,"as7694418",0
"#rA9779",93356,56140,64656,NA,NA,11,12,11.5,NA,NA,"xmas10","ac6633405",545565
"#Yp2424",85007,NA,NA,NA,NA,9.5,NA,8.5,NA,NA,"jan5","cs4232956",0
"#jx4210",45589,32461,NA,53232,NA,11,7.5,NA,11.5,NA,NA,"cv9488782",0
"#bR2373",56140,15720,NA,NA,NA,9.5,12,NA,NA,NA,"stu20","aw3404451",0
"#Qj2270",73557,76354,NA,NA,16458,6,8,NA,NA,4,NA,"ac6881455",645103
"#oC7504",93356,84955,NA,NA,NA,9,8.5,NA,NA,NA,"xmas10","cc3407152",494897
"#sx0083",98195,NA,NA,NA,NA,7,NA,11.5,NA,NA,NA,"dh3094161",0
"#Rd3920",24627,13562,79380,NA,NA,10,11.5,4.5,NA,NA,"join15","eb9617845",0
"#bm7070",65800,29254,13562,12675,55027,4.5,7,9.5,6,5.5,NA,"ak5543369",484444
"#hW3504",55027,94956,55027,85013,NA,5,6,7,10,NA,"stu20","ab3480299",0
"#jX8305",68167,NA,NA,NA,NA,11.5,NA,9.5,NA,NA,"xmas10","tg5988980",760471
"#Al1227",61218,79380,27868,38605,NA,7.5,7.5,11.5,5,NA,NA,"pf8912285",0
"#kp5837",60953,NA,NA,NA,NA,6.5,NA,7.5,NA,NA,NA,"or2147627",323807
"#HJ5903",80524,89894,84167,NA,NA,4.5,4.5,10.5,NA,NA,NA,"te8802374",0
"#hH9532",82823,84167,80524,NA,NA,12,7.5,6,NA,NA,NA,"kf3122939",186769
"#Sd7475",32032,83883,79380,NA,NA,4.5,8.5,7,NA,NA,"xmas10","ml5056655",0
"#wZ0516",96257,NA,NA,NA,NA,7.5,NA,11.5,NA,NA,NA,"bc6583250",898451
"#Zk8876",27868,65800,15720,73481,NA,12,12,4,7.5,NA,NA,"jk7667116",0
"#Dg9856",94611,68241,NA,45589,71344,10,10,NA,11.5,7.5,"xmas10","af4770514",767065
"#UO0437",50694,26232,NA,NA,NA,5.5,5,NA,NA,NA,"stu20","pk6247329",0
"#JZ9098",94757,99608,24627,18638,NA,5,9,8.5,4.5,NA,"jan5","xs7000827",0
"#HE8198",79380,76354,NA,NA,NA,10.5,9,NA,NA,NA,NA,"cn2996009",0
"#Kh2692",85013,NA,NA,NA,NA,10,NA,NA,10.5,NA,"join15","ds3962988",0
"#dQ5754",47941,NA,NA,NA,NA,7.5,NA,8.5,11,NA,"stu20","ig9526955",0
"#hG6035",85007,47582,29254,NA,NA,7,10.5,6.5,NA,NA,"jan5","ld2461256",0
"#jX2216",96055,29254,18638,61218,32459,9.5,12,9,10,10,"jan5","mw5742051",0
"#HM0952",53232,88180,94757,68167,NA,9.5,4.5,10.5,11,NA,NA,"cm5665951",0
"#tp5086",24627,47582,89031,97721,NA,6.5,8,12,7.5,NA,NA,"tb1710623",380597
"#QR8644",80524,NA,NA,NA,NA,6,NA,NA,NA,NA,"xmas10","fr9839738",0
"#eg1853",26232,15720,47582,NA,NA,9.5,8.5,11.5,NA,NA,NA,"wa2083446",0
"#Ji9299",32459,82823,NA,NA,NA,7.5,5.5,NA,NA,NA,NA,"ka4891530",0
"#le6398",52491,27868,15720,NA,NA,6,5,10,NA,NA,NA,"ac3324902",452043
"#IY4769",26232,NA,NA,NA,NA,10,NA,9.5,NA,NA,"join15","vd9421550",0
"#hZ1843",73557,NA,NA,NA,NA,8,NA,NA,NA,NA,"join15","pm3187215",0
"#UM7333",77436,85007,94611,68703,NA,10,4,9,8.5,NA,"xmas10","rf9643177",0
"#oA0748",29254,99608,NA,39218,NA,10.5,11.5,NA,8.5,NA,NA,"gt7447805",0
"#aL0934",63115,73557,NA,NA,NA,10.5,4.5,NA,NA,NA,"xmas10","jg2997622",0
"#ky8002",94757,68703,NA,NA,NA,6.5,10,NA,NA,NA,"jan5","vo8367995",0
"#JT6275",89031,47382,99318,94611,NA,4.5,6.5,11.5,4.5,NA,"jan5","bt6236031",0
"#qR2266",84955,23220,35650,NA,NA,5,8.5,10,NA,NA,NA,"dm5918445",0
"#cU7429",82823,83731,82823,NA,NA,9.5,7,7.5,NA,NA,"stu20","af4213391",0
"#lG5794",23220,55027,NA,47582,NA,11.5,7.5,NA,7.5,NA,"xmas10","ds1730426",0
"#Fc1327",68241,47382,NA,NA,NA,5.5,9,NA,NA,NA,NA,"ey8329212",0
"#oN7029",43985,56140,89031,NA,NA,9.5,5,10.5,NA,NA,"join15","cm1268767",0
"#iV3576",32032,39218,NA,66474,73557,5,7.5,NA,7,11.5,NA,"hb6694803",0
"#Sv4904",52491,32461,15720,NA,NA,6.5,4,11,NA,NA,"join15","td6202878",176113
"#RX2191",56998,NA,NA,NA,NA,8,NA,NA,NA,NA,"join15","sh7441487",123171
"#QU8945",64656,40781,NA,NA,NA,5,8,NA,NA,NA,"xmas10","tb6351672",0
"#Ub8413",63115,NA,NA,NA,NA,9,NA,10.5,NA,NA,NA,"ic2261358",0
"#WL3170",19842,53572,19842,NA,NA,4.5,10.5,10.5,NA,NA,"join15","em4641864",0
"#RQ2437",28370,28093,73481,55680,NA,4.5,5.5,9,12,NA,"jan5","li2957566",0
"#cp8923",20742,NA,NA,NA,NA,5,NA,12,NA,NA,NA,"sw3029557",0
"#iQ1153",47941,50783,NA,NA,55856,4,4.5,NA,NA,8.5,"join15","tn8993059",253613
"#kH6521",94611,68167,73557,NA,NA,10.5,4,9,NA,NA,"xmas10","lk5182693",512564
"#AN4518",21097,62953,55680,55856,NA,7,12,9,10.5,NA,"jan5","at3731461",0
"#cw3083",83731,96257,NA,49572,NA,8.5,9.5,NA,6.5,NA,"join15","ca4986429",0
"#Zy1955",40781,76354,NA,47382,15720,12,8,NA,11,5.5,"join15","ad1479850",0
"#yG9405",53572,68025,NA,24627,NA,12,6,NA,5.5,NA,"jan5","fh7753371",351963
"#sF7703",68241,96316,63115,NA,47753,12,8,7.5,NA,8,NA,"cs7968698",0
"#nJ0285",94757,63115,41463,NA,NA,6,8,11.5,NA,NA,NA,"ad3171402",0
"#eX9044",61218,NA,NA,NA,NA,8,NA,11,5,NA,NA,"jt6159177",462331
"#pA7640",17273,75189,85013,NA,NA,9.5,10.5,8,NA,NA,NA,"ds5990284",0
"#Dq7332",12675,NA,NA,NA,NA,5.5,NA,6,NA,NA,"stu20","te5414374",914540
"#zP6765",18638,26232,NA,NA,NA,10.5,8,NA,NA,NA,NA,"pp8511514",0
"#XC0411",79380,26232,55856,NA,NA,10,6.5,4,NA,NA,NA,"ol8868464",0
