"transaction_id","payment_method","card_no","order_id"
"99547537-ZU","visa",4041594534083,"#rh7786"
"81418927-ZF","americanexpress",337941572694007,"#hp6101"
"17290728-LQ","visa",4041590429254850,"#pS3050"
"96494390-IV","visa",4041592805162,"#qo5319"
"22083436-SG","mastercard",5048379934259699,"#Mm8902"
"55375990-KB","americanexpress",337941853458361,"#HV2797"
"44358828-OX","mastercard",5108752484368838,"#pZ3287"
"77064168-IJ","mastercard",5048379183988428,"#wx3795"
"91397202-HM","americanexpress",374283158402867,"#Bt7600"
"35655329-IY","mastercard",5108756692064485,"#bJ4952"
"52283952-KM","mastercard",5002350634979955,"#QT7702"
"37028393-PF","americanexpress",374288571334720,"#yV9984"
"29008264-OR","americanexpress",337941965862997,"#Fh6391"
"30019100-CF","mastercard",5007669166951578,"#Pc8762"
"85359796-MV","mastercard",5048370690951868,"#XQ5654"
"13421095-IT","americanexpress",374622501104441,"#yj8155"
"35203232-EM","americanexpress",374288248667692,"#An4195"
"28736431-QK","mastercard",5048371685248211,"#wx6137"
"60110588-KC","americanexpress",337941516916557,"#XF9481"
"79467915-YD","mastercard",5100179718373608,"#zB9674"
"14063764-CS","americanexpress",374288194509401,"#UJ2410"
"17334137-AF","visa",4041592478044,"#eW7749"
"93651606-AY","mastercard",5108751647706504,"#xj0505"
"94746220-QJ","mastercard",5002356907423878,"#VZ7728"
"30809476-LF","visa",4041594469256,"#rr4448"
"22410019-BA","mastercard",5010127862037940,"#Hn3831"
"56661916-VA","americanexpress",337941695308527,"#fv7432"
"89539892-LM","visa",4041591970900,"#Gh2436"
"94735240-LH","mastercard",5010129337703254,"#wK9737"
"39020284-OD","visa",4041591224902,"#JE9268"
"86449219-TZ","mastercard",5007665099162416,"#bm4071"
"44425993-MC","americanexpress",337941580660909,"#rw3635"
"74645185-HO","americanexpress",374622692303331,"#kW2346"
"58821462-XZ","visa",4017950577742,"#wQ5453"
"89662230-YZ","mastercard",5100175075056836,"#LX8138"
"86174951-EK","mastercard",5048372592359778,"#jR8293"
"83827887-DD","americanexpress",337941136821914,"#oH0660"
"21286567-UL","mastercard",5010122100583227,"#YL9703"
"13522725-XN","mastercard",5048373162392702,"#BI2220"
"74427229-KN","americanexpress",374288219900916,"#ke2065"
"68902872-RA","americanexpress",337941040396318,"#Jh1188"
"81877699-IQ","mastercard",5100146533432216,"#Yg2998"
"37087562-VS","mastercard",5100142681664189,"#IA6332"
"10367599-QS","mastercard",5002356927115793,"#oT3443"
"63226982-VH","mastercard",5108752503757748,"#eG4563"
"83188740-IV","americanexpress",337941836641935,"#bx2699"
"92008217-ER","visa",4041371679405629,"#ox6850"
"76975144-XL","visa",4017952552156,"#Gb1314"
"58824487-YY","mastercard",5100145654202689,"#wT9338"
"10849277-QC","americanexpress",372301355671761,"#qn9677"
"33036089-BX","americanexpress",374288641284376,"#rQ6249"
"84801183-BY","americanexpress",374622255531336,"#id9822"
"85333616-TI","visa",4041599053212,"#sq6290"
"74997402-KH","mastercard",5108755494401242,"#Qf8124"
"99640812-BJ","mastercard",5100130289815618,"#Uj6615"
"60836055-ZN","visa",4041598805687,"#AK1679"
"95785690-WR","visa",4041373456033137,"#DD1703"
"24337581-HN","americanexpress",337941966981614,"#sb3009"
"36118323-PO","mastercard",5007666524708559,"#Bq9692"
"48907677-ZJ","americanexpress",337941866324048,"#Ej9450"
"29529659-MN","americanexpress",374622701521485,"#Iw4117"
"85594762-YN","americanexpress",374622370479304,"#kr6425"
"39316836-QK","americanexpress",337941893009257,"#TI5902"
"03355381-YS","americanexpress",337941333557790,"#oG6041"
"97863982-EP","americanexpress",374283822381851,"#Dx3095"
"62952491-DF","mastercard",5108751914091630,"#Ls9548"
"98961123-MS","mastercard",5002358230682121,"#Or8717"
"65867755-DM","mastercard",5048379422305178,"#hG6895"
"05809760-DP","americanexpress",374622983934455,"#hI9386"
"09806809-VQ","mastercard",5100141400437745,"#XH1746"
"63661940-XO","visa",4041374942366842,"#AM5703"
"09146129-XC","visa",4041377065652492,"#mA7298"
"22024289-UP","visa",4017954358185123,"#wa7994"
"98601339-JD","mastercard",5108758248143771,"#GH4913"
"44457370-VH","americanexpress",374622421496869,"#cV5503"
"27429682-JH","americanexpress",374283821041217,"#mD8553"
"26249616-TY","mastercard",5007663591677213,"#XA2921"
"42100302-DT","americanexpress",374622174945237,"#PE2549"
"78744335-TZ","americanexpress",337941736975409,"#DX8416"
"83957154-DP","americanexpress",374283785015959,"#hz1777"
"93723006-GH","americanexpress",337941905625942,"#LT7490"
"08852940-OR","mastercard",5108752785760204,"#SU3305"
"50214023-IF","visa",4041595701597595,"#cl5976"
"81450505-CN","mastercard",5100143208432902,"#md9122"
"77742948-YO","mastercard",5108757973566503,"#Ge9210"
"13742196-OY","americanexpress",374622537478512,"#wa9123"
"10010402-FS","americanexpress",337941584221302,"#qP0031"
"00384556-JE","mastercard",5010121771341733,"#zv6543"
"13368753-JB","americanexpress",374622323889286,"#dZ7694"
"46030522-GS","americanexpress",374288019768927,"#Rl4262"
"68266504-UT","americanexpress",374283734530215,"#Rb7269"
"65347752-UO","americanexpress",372301606311001,"#EN2824"
"44249327-XX","americanexpress",374283308646884,"#GK7373"
"45295329-OC","americanexpress",337941556207271,"#Nq1619"
"07734594-OY","visa",4041592636518,"#bt6878"
"48154973-WI","americanexpress",374622530518405,"#OV9600"
"40300679-FR","visa",4041599637833231,"#az5597"
"69696375-YA","americanexpress",374288197783557,"#jt9913"
"10613968-GB","americanexpress",337941783701203,"#KY5577"
"80689695-XL","visa",4041374942424237,"#Zv5885"
"40775328-UT","visa",4041591694377,"#DO5754"
"72410482-LQ","americanexpress",374283765774443,"#pm7025"
"25098535-BZ","mastercard",5100177253173615,"#DV3951"
"85001620-CU","americanexpress",374622057821943,"#sE0371"
"06344612-VM","americanexpress",374622109012418,"#de2464"
"55332772-XN","mastercard",5100140397713035,"#DP6231"
"49338865-RE","americanexpress",374622174914795,"#VC5112"
"48084453-JO","americanexpress",337941015230054,"#yU5024"
"48849619-OM","mastercard",5007668038830184,"#Rk1388"
"62283634-OF","mastercard",5048378362662754,"#hx9985"
"17067022-RB","visa",4041594359424,"#tw0273"
"86552843-BX","americanexpress",337941915736267,"#oa8112"
"12879898-DD","mastercard",5048377871253238,"#UA9406"
"23142327-RN","visa",4017958618278479,"#CM0243"
"57859569-UL","americanexpress",372301032864243,"#he2655"
"95324016-WL","mastercard",5100132799001705,"#mH0376"
"00839145-FQ","visa",4041596598526580,"#FJ3018"
"56404197-VM","americanexpress",372301224267056,"#xW7634"
"57492706-ZU","mastercard",5108750363687401,"#Bw1886"
"82015090-OQ","americanexpress",337941604349620,"#FO2719"
"85731495-HM","mastercard",5007662582057203,"#OJ4091"
"84019191-OL","mastercard",5100134427861476,"#eu4474"
"80339168-HP","mastercard",5007660806157759,"#VM4631"
"39037107-MK","mastercard",5048374435118668,"#SW8036"
"81305561-IY","americanexpress",374288776919184,"#hC7077"
"37071437-FM","americanexpress",374622093341070,"#Aw9543"
"67902564-TI","visa",4041592023774,"#PS6770"
"05427870-EP","mastercard",5108754117175200,"#iE3779"
"17227615-ZO","visa",4017957672611120,"#pr8327"
"08462474-WQ","americanexpress",374622169554234,"#fU5548"
"48063369-QP","americanexpress",337941480362234,"#mo6859"
"15033099-JW","visa",4041592186613,"#Hs7527"
"84654844-NM","americanexpress",372301752317612,"#ia0795"
"03711093-LE","americanexpress",337941147719628,"#Au5760"
"67365210-XF","americanexpress",374288869325117,"#hJ5277"
"34759748-TP","americanexpress",374622630437266,"#XR3186"
"95023427-HS","americanexpress",337941177250312,"#uI6179"
"24334368-NV","mastercard",5048374539732083,"#Tt4666"
"37818649-PO","mastercard",5100172836681531,"#wv6708"
"60066164-HB","visa",4041374295152,"#uO5682"
"40321417-RS","americanexpress",374288734405862,"#QW2984"
"16573889-AL","americanexpress",374283141785360,"#Ss3808"
"31033529-AE","americanexpress",337941611882407,"#KT6360"
"69782039-YU","americanexpress",337941864250377,"#uu0929"
"91153915-AD","mastercard",5100170899693294,"#CV7998"
"52687964-PE","mastercard",5002353484568837,"#tm1421"
"74907971-QB","americanexpress",337941136465977,"#Ex1515"
"43973447-KS","mastercard",5108753004495523,"#aK3459"
"17541455-WG","mastercard",5007663277014525,"#SC2946"
"58709439-BP","visa",4017950449573392,"#XW8900"
"03414157-VP","visa",4017952253068006,"#nG8173"
"91185865-QF","mastercard",5100145487148729,"#lu9074"
"25613854-QR","mastercard",5100136198639163,"#pI0980"
"49637094-OY","americanexpress",374283811464114,"#qR8143"
"12734993-EM","americanexpress",337941640865795,"#mr9639"
"35885776-LM","americanexpress",374283191244862,"#Ns1392"
"53480181-ZK","mastercard",5108755912962692,"#TP7259"
"09325555-UP","mastercard",5108756245196677,"#HG3131"
"97540589-WI","mastercard",5010129626532976,"#SI1481"
"66225889-FJ","visa",4041595807516226,"#mT9989"
"14311575-HA","americanexpress",374622538309971,"#iG4788"
"26272763-RP","americanexpress",374283930227517,"#zr9209"
"68389965-XU","americanexpress",374283077753317,"#NC8935"
"97472432-AO","mastercard",5108755278999288,"#kD5381"
"70853005-LF","visa",4041374069493288,"#cp7137"
"42292086-CC","visa",4017954523659465,"#XA4844"
"30415766-TI","mastercard",5108752549825095,"#en1100"
"70088825-HD","visa",4041590137527,"#AW8102"
"52976905-AH","mastercard",5007668045523889,"#GI3163"
"63436066-RH","americanexpress",337941949166945,"#Kv5404"
"69911087-BE","visa",4017957885237267,"#FQ3199"
"16464023-TK","mastercard",5100136413310228,"#zN0341"
"64703601-CT","americanexpress",374283216403840,"#RW9248"
"86753007-NJ","visa",4041596601112,"#ax5954"
"61916186-FF","visa",4041371697202,"#PW2070"
"48824572-RB","americanexpress",374622103272034,"#AF7695"
"14324125-NA","mastercard",5100138776807527,"#TB0048"
"46119673-NF","mastercard",5007668755474323,"#Iw6823"
"69857702-LO","americanexpress",337941395866469,"#TS0562"
"03023116-YG","visa",4017955639187432,"#ZC7411"
"17629532-TV","mastercard",5048373106357522,"#dq2332"
"05796028-SB","americanexpress",374622347906942,"#Ac1788"
"88091473-AX","mastercard",5100134386917541,"#ca5180"
"55504495-LW","visa",4041595045147,"#Vg3393"
"36680372-FL","mastercard",5048373622864704,"#Tf6142"
"73033207-EK","visa",4041592909907,"#tg0182"
"14720370-HC","mastercard",5100138001575469,"#Ov5493"
"24500832-WU","mastercard",5100148562949003,"#jV6693"
"60538044-QN","americanexpress",372301013504040,"#cx0815"
"62544254-AQ","visa",4041379816047881,"#Mr4402"
"44455727-IT","americanexpress",337941878753093,"#KZ5897"
"72929222-JB","americanexpress",374622780876891,"#bT9429"
"74854351-AN","visa",4041599689578429,"#lP5013"
"31442639-UB","visa",4041590367849950,"#sw3987"
"38899098-DB","americanexpress",337941432558699,"#Nn2787"
"68682241-YT","americanexpress",374622905639067,"#FR4708"
"74548409-GY","mastercard",5002359415921318,"#rZ4349"
"21753123-TO","americanexpress",374622345861909,"#li9169"
"93994526-ZN","mastercard",5002352522620121,"#CW2116"
"91536093-OO","visa",4041370738825,"#aB7883"
"89144173-NU","americanexpress",374288105242274,"#SP1258"
"57731154-KU","mastercard",5100179178646329,"#JN7259"
"01330681-VZ","visa",4017954201458545,"#uM0943"
"79530810-XV","americanexpress",374622206023920,"#PQ1330"
"02045143-FF","mastercard",5048375512595470,"#yX3746"
"85303010-PZ","mastercard",5100177594615498,"#Bq7915"
"17187521-KQ","visa",4041596074039,"#wW5394"
"68383167-IU","americanexpress",374288089582067,"#PR5786"
"01421762-SM","americanexpress",374622532275715,"#Xl2228"
"31317815-ZZ","visa",4041594850638,"#bm3395"
"94478334-UT","americanexpress",337941466880027,"#FY7678"
"59574531-KM","mastercard",5048377747485113,"#AF6260"
"80655861-OL","mastercard",5100134626340090,"#zP7521"
"32110829-GE","mastercard",5100130407077307,"#XX2495"
"35169433-OX","mastercard",5108757763506677,"#rV1704"
"47958887-JI","mastercard",5100135764083897,"#UQ5573"
"43424389-HB","mastercard",5100179044935146,"#hO8075"
"42614453-XY","mastercard",5010122626301534,"#Wk8191"
"99457370-PH","americanexpress",374283804151629,"#Jo9732"
"32828114-TL","mastercard",5100141049238868,"#zd8477"
"25612185-PT","mastercard",5048375447222513,"#oH5180"
"17566989-DU","mastercard",5108755354263930,"#WS5444"
"67588604-YX","visa",4041595136042217,"#HX9519"
"78897969-IT","americanexpress",374288464190635,"#Fq9796"
"62131199-NJ","mastercard",5048378446914874,"#gh0043"
"23544837-AP","americanexpress",374622077416922,"#Jr0912"
"47402623-KE","americanexpress",337941800770173,"#le8406"
"31409540-FX","americanexpress",374622313448325,"#ap3995"
"29191828-TX","americanexpress",374288380874593,"#iR4373"
"73147679-PU","mastercard",5002355023840361,"#Ty4246"
"25125620-LA","visa",4041597582707251,"#nd6454"
"28824853-UG","americanexpress",337941358065869,"#AI6989"
"68396403-UU","americanexpress",374288059729110,"#aR6402"
"39865053-KN","americanexpress",374622500887384,"#ZN9819"
"88870074-PF","americanexpress",372301449025925,"#sY6041"
"70581155-NK","americanexpress",374622749798756,"#Rw9827"
"76262429-FO","americanexpress",374283902986835,"#Qt9578"
"05965826-XI","visa",4041594158834,"#Wq5924"
"49015044-ZH","visa",4041592438279,"#Fh0063"
"15480845-EE","americanexpress",374622319873104,"#dg1677"
"95887641-LF","visa",4017950946153334,"#sU9453"
"64976492-LJ","americanexpress",374622847477097,"#FF3211"
"65037118-OW","mastercard",5100130939074624,"#Vp8753"
"15524226-QX","mastercard",5100143151279854,"#Gh6677"
"65046193-YO","mastercard",5100144229887496,"#Ml7607"
"16590787-LS","visa",4041599285731,"#vx3068"
"65635714-NL","americanexpress",374283042867564,"#Tm8104"
"56022693-WO","mastercard",5108755805354726,"#gF4758"
"28171863-PE","visa",4041593457497276,"#Jy7176"
"00794112-XU","americanexpress",374288879421930,"#od7264"
"41674110-VI","mastercard",5100135610069637,"#Rp2205"
"43403277-RC","americanexpress",374288450912869,"#zc9390"
"73212964-PS","mastercard",5100135556953661,"#cF9269"
"82585771-HB","mastercard",5100139186958199,"#Ot5155"
"31595880-DB","mastercard",5100144251390708,"#fu2190"
"98209310-JX","americanexpress",374622998545890,"#Lc8251"
"59802900-CF","americanexpress",374283276326691,"#Co9729"
"14394662-HB","mastercard",5048376330644805,"#aL3778"
"11212785-PQ","visa",4017957458698,"#lA3265"
"61045103-NZ","mastercard",5108759614331479,"#NH3108"
"66626955-RP","mastercard",5048378603521256,"#Vp9877"
"53060115-IT","mastercard",5002353207323890,"#yP4280"
"05351389-XR","mastercard",5048373731595389,"#pE5930"
"81791885-OG","americanexpress",374622288206419,"#Lv1635"
"76368623-TJ","americanexpress",374283105106637,"#fm5486"
"03220189-NO","mastercard",5100170517797444,"#EE5615"
"56791560-LE","visa",4041590852687,"#Ef0196"
"08061271-AV","americanexpress",374283389427634,"#yZ7691"
"86343792-FJ","americanexpress",374288137179668,"#Uf0243"
"12059215-BI","visa",4041592451801,"#Fa0944"
"39541982-KL","mastercard",5100147983073237,"#RX4623"
"17329916-DS","americanexpress",374622044442365,"#Zd4796"
"88093255-JY","americanexpress",374288136291274,"#ur5726"
"44668347-YO","americanexpress",374283996609038,"#fr0615"
"67144806-YG","mastercard",5002359659761123,"#OG1053"
"25363117-GG","mastercard",5010127596797694,"#hL3197"
"16416352-PR","mastercard",5007663374451877,"#he4968"
"03063190-OS","mastercard",5100140689213397,"#CI4990"
"42731072-TD","mastercard",5048372029589054,"#iV1569"
"96230667-TW","mastercard",5100172404754843,"#lN2339"
"27587645-PP","mastercard",5108755067462274,"#tu9606"
"87000029-VS","americanexpress",374622124879981,"#AA8927"
"80039903-SU","americanexpress",374288083914480,"#yH1559"
"14963793-US","americanexpress",374622675777683,"#Lg3839"
"04643905-HQ","mastercard",5100179358313393,"#qj7195"
"13853096-GG","mastercard",5010126533984654,"#FO4142"
"48531326-RM","americanexpress",374288303817042,"#Wv7883"
"49878132-QI","visa",4017953800613419,"#OI1145"
"79525069-GP","americanexpress",372301576113577,"#rZ2836"
"37148672-KQ","americanexpress",374622943949320,"#KB6688"
"76602796-HR","visa",4041593212392,"#oQ6361"
"27220429-MO","americanexpress",337941658907273,"#ya6727"
"08512913-XS","americanexpress",337941020904735,"#Rj0068"
"85616304-KY","mastercard",5100139582715573,"#Md5397"
"79748336-HM","mastercard",5100176805211113,"#lX2871"
"07258279-FL","mastercard",5108750955580642,"#aj7556"
"17649399-XE","visa",4041596763109873,"#py5340"
"42675970-CF","visa",4041376882122,"#FT0118"
"73810900-UZ","visa",4041376736088,"#sz5355"
"23584078-IW","mastercard",5100139402769800,"#lK1488"
"49464461-IY","mastercard",5048370202204350,"#wg0614"
"74813869-GC","visa",4041379661046939,"#Kc5176"
"90549589-UW","mastercard",5108755385727986,"#OK0574"
"81662828-RI","americanexpress",372301945664417,"#gu1555"
"09466099-ZB","visa",4041379364516,"#QD9768"
"04664950-CG","visa",4041375203106,"#Qs3185"
"43365272-QP","visa",4041376496558799,"#aE3987"
"79832806-LE","visa",4041599297473146,"#qZ2653"
"99896999-PL","americanexpress",374622376592381,"#uX5279"
"22072903-YR","visa",4017951509226863,"#aY4068"
"55734391-GS","mastercard",5100174998347539,"#mD6954"
"18993818-OT","americanexpress",374622329057870,"#Dp3737"
"47292603-RX","mastercard",5100146092320547,"#hP8663"
"14335402-FQ","visa",4041376053786866,"#ny7237"
"54719079-JT","mastercard",5007667708319791,"#jT1627"
"18646438-IF","americanexpress",374288450258941,"#fk4606"
"95002610-TQ","americanexpress",374622355332437,"#Jd4722"
"02062140-WL","visa",4041590420170,"#UW2784"
"21963952-JT","visa",4041375986148,"#Vs8732"
"72325740-SI","mastercard",5108753566319855,"#da2488"
"17600771-FF","visa",4017955667126,"#Md6132"
"58789814-DZ","visa",4041599124025549,"#RG9375"
"87609036-QO","mastercard",5048371122473265,"#oI4029"
"67237264-HU","mastercard",5100172749916743,"#Qt3229"
"95124455-AH","mastercard",5100143664269830,"#an1546"
"61128035-TE","mastercard",5048373652843586,"#PY1922"
"69515077-CH","mastercard",5010122378428352,"#GN9252"
"79322114-YY","americanexpress",374622579261412,"#JL3031"
"38472885-MX","americanexpress",374622140487421,"#Gf2991"
"76750391-DN","visa",4041376150172929,"#OZ4717"
"41434899-PG","americanexpress",374622257159417,"#ix7833"
"50829734-LZ","americanexpress",374283863389847,"#Fc0388"
"87665100-ZR","americanexpress",372301389021520,"#br7265"
"73961441-YT","visa",4041592930044,"#Zy8840"
"60408254-OF","americanexpress",374288785124651,"#Cp2681"
"84955808-JG","americanexpress",374288624495916,"#JM6101"
"38932702-WH","visa",4041599918474317,"#Yv5426"
"63475655-LZ","americanexpress",374288424324373,"#cV4392"
"50407543-XF","mastercard",5108755243218707,"#Ej6674"
"67458176-XS","americanexpress",374283779629195,"#ne7905"
"23373932-BZ","americanexpress",337941385724132,"#Lv9171"
"04643748-MZ","americanexpress",374622570610849,"#JN6143"
"99476021-PL","americanexpress",374622738217917,"#tZ8740"
"36971908-UJ","americanexpress",374288856337299,"#JG3241"
"42574693-GD","mastercard",5108753933141883,"#DI9807"
"21989148-TL","mastercard",5010120536843595,"#ft3877"
"75289592-EN","mastercard",5108758224290596,"#vz5950"
"33146618-CW","americanexpress",337941871849765,"#ge6502"
"20526808-QM","americanexpress",374288405934554,"#gR9323"
"74676664-LC","mastercard",5108759172051600,"#DG1111"
"47021636-EZ","mastercard",5048377796133200,"#af0933"
"53301260-IT","visa",4017950188284,"#OU3517"
"50326073-LR","americanexpress",337941379607053,"#cK3307"
"31014322-EG","visa",4041372441394,"#tY5356"
"52557071-HQ","visa",4017955016605,"#kV3980"
"58477686-LJ","americanexpress",374622226875937,"#cN2392"
"12840266-ZX","visa",4017955131214783,"#lK8263"
"17906904-NJ","mastercard",5100133110781173,"#nf0565"
"08057038-KQ","visa",4041592893730571,"#Xq0741"
"52015964-CL","americanexpress",337941292447041,"#ic1861"
"99996438-WZ","mastercard",5100149670123507,"#An0582"
"82571602-XT","mastercard",5100178249317019,"#Tg5349"
"94029164-BH","mastercard",5108753190795884,"#NH0470"
"83504258-ZO","visa",4017952314176863,"#WZ1119"
"52795314-LU","americanexpress",337941752817089,"#Ij5663"
"12992527-UC","visa",4041596888361888,"#uj4966"
"53165562-IW","americanexpress",374283055941405,"#FO4240"
"58673293-KZ","americanexpress",337941385529481,"#oM5261"
"20446387-QZ","mastercard",5108754881850210,"#PT4490"
"97513285-RA","visa",4041592218913795,"#xq5312"
"19976023-CX","mastercard",5100141037022118,"#GU1719"
"12966407-YT","visa",4041376338349,"#xs5806"
"62169066-OY","mastercard",5108755055650922,"#xL7655"
"67994144-GD","americanexpress",374622975933218,"#SB6380"
"92965838-DV","visa",4041596077685,"#cN5645"
"24390488-TA","mastercard",5048379053465242,"#CF9850"
"00610608-WY","mastercard",5100139360057107,"#cZ1803"
"00258886-BR","visa",4041377877915,"#hr7253"
"66672316-SS","mastercard",5108755298111286,"#dw0006"
"27676339-PC","mastercard",5100141928850502,"#te9927"
"62738780-SF","mastercard",5048379697344258,"#pI1554"
"69874881-UW","americanexpress",374288154182033,"#Hs9193"
"86441463-RI","americanexpress",374288521268218,"#VI2143"
"48719236-WU","visa",4041590880837177,"#ZZ4611"
"84753937-FG","mastercard",5048379124418535,"#EO8007"
"38520561-ML","americanexpress",337941666909246,"#Wc0424"
"67498966-XF","americanexpress",374283642029821,"#ia7764"
"69814712-IF","mastercard",5100171032621192,"#Fr6355"
"18890927-VV","mastercard",5048379382270065,"#Lx7928"
"48907708-BF","americanexpress",374288909388836,"#NQ7515"
"57940929-VC","visa",4041596038760,"#lf9650"
"46581828-AN","mastercard",5100149387750410,"#iR3748"
"41859780-WV","visa",4017956857631267,"#Nu3548"
"77230119-BR","americanexpress",374622016737776,"#Bv7627"
"29539040-IE","americanexpress",337941201955076,"#JV9266"
"68045649-GQ","visa",4017950238329,"#ic7443"
"04634693-DG","mastercard",5108756054282451,"#AA1553"
"93276903-JU","americanexpress",374288947457999,"#Jf8020"
"20831872-UJ","mastercard",5010125529289557,"#DV6419"
"41705647-BX","americanexpress",374283034817577,"#jj8447"
"39311751-SQ","americanexpress",374622997892624,"#xy0645"
"15293634-DW","americanexpress",374283622516730,"#Pm5139"
"85537661-HT","visa",4041375972738792,"#Cn2599"
"39029338-PT","mastercard",5108752016228112,"#WQ4049"
"24239012-KK","mastercard",5100172299925722,"#Tf6431"
"87459890-SD","americanexpress",374283803634211,"#OE8159"
"05620532-IY","mastercard",5100141936957000,"#sm3733"
"42080384-QA","americanexpress",374283287034839,"#sV4007"
"35062690-KY","americanexpress",374288026156389,"#Uw6662"
"97045212-AI","mastercard",5100148266053771,"#yC7987"
"03755930-TZ","americanexpress",337941289334467,"#Pv0492"
"79080818-XC","visa",4017951135805,"#wq9790"
"68831595-ZV","mastercard",5010120512901359,"#Jb6265"
"08906495-LB","mastercard",5100177721131054,"#IU4211"
"86871567-DO","mastercard",5048376960404587,"#Lu7001"
"95598343-UT","visa",4041377818453420,"#Ev3428"
"37853431-SL","visa",4041597786573,"#jg2804"
"33455970-TZ","visa",4041598440737233,"#ST8572"
"39512485-VY","americanexpress",374622657178462,"#vX2591"
"09880215-NB","mastercard",5100177877010102,"#VO6186"
"36043325-RJ","americanexpress",374283223469180,"#xf4464"
"21529687-DY","visa",4041377935390,"#sB5789"
"80936765-RB","americanexpress",374283495417883,"#eL8320"
"46888413-NI","americanexpress",374288197981300,"#eu7723"
"38176352-DJ","visa",4041591112035317,"#hF2387"
"48980040-CP","mastercard",5100146635587941,"#aD7452"
"17641049-OB","visa",4041591839071,"#Oc6401"
"52080234-KU","mastercard",5007660460545984,"#Uy5362"
"46611231-TC","mastercard",5048372433982127,"#wZ7306"
"53383290-WF","visa",4041599081493334,"#QC9613"
"03058571-NR","visa",4041597298124,"#PF7891"
"06345686-NW","mastercard",5002358878583441,"#pH5258"
"25869152-LD","americanexpress",337941445779712,"#ms9618"
"70055101-HR","visa",4041592115941436,"#KT2871"
"25183158-LW","visa",4041598394120,"#NH1873"
"64116210-KO","mastercard",5108755953570164,"#jG6124"
"72952288-OR","visa",4017952322840,"#KP1175"
"64257124-CQ","visa",4041378730720151,"#iV1809"
"92875826-XB","americanexpress",374622556191467,"#xu6433"
"17158570-OH","mastercard",5108752659480699,"#Ci6997"
"67179850-UW","mastercard",5010129727845335,"#fu2687"
"66741989-WG","americanexpress",337941692568966,"#tL5955"
"93709138-SA","visa",4041379076035907,"#em7285"
"44641440-TJ","americanexpress",374288802608322,"#OA7235"
"92510812-GE","mastercard",5007663052409148,"#eC3613"
"18042302-MK","visa",4017953448966,"#rS6751"
"32897191-NV","mastercard",5002351597439185,"#Fc7102"
"56568032-KO","visa",4041596918011,"#ZB1218"
"22173614-RP","mastercard",5010129255061925,"#pC1332"
"00963207-NP","americanexpress",337941904664215,"#Pq9811"
"88750169-WR","mastercard",5108755351242242,"#Kl7492"
"30062078-RE","americanexpress",374622092842672,"#lx6386"
"65435643-VU","mastercard",5108752662475397,"#AR3083"
"44062729-DQ","americanexpress",337941473617271,"#pi1721"
"55548499-VQ","visa",4041593628761,"#Yr8183"
"71536781-EY","visa",4041599275195,"#oF2218"
"45554431-RY","americanexpress",374622894706810,"#yD5711"
"84319993-JG","americanexpress",374622821753166,"#bT7347"
"68941264-JE","visa",4041593634057761,"#Cf8551"
"85447875-EY","americanexpress",337941762743556,"#ox0685"
"40795492-XK","mastercard",5108754499441774,"#MY9012"
"64117938-UU","americanexpress",337941733691132,"#jo5753"
"44154059-FK","mastercard",5048374486195458,"#xW1210"
"36307172-IY","mastercard",5048376120144370,"#ZX6892"
"84463259-GB","mastercard",5100130209011447,"#ks0752"
"09894520-BI","americanexpress",374283787206630,"#Td8280"
"69400642-VF","visa",4041592147191943,"#ek9044"
"51884316-OE","mastercard",5100148439660718,"#xb1919"
"03079998-VK","visa",4041599574381,"#OA7423"
"40742962-GP","mastercard",5048377126936587,"#Dk7732"
"11198882-TC","mastercard",5100138463020384,"#yE5660"
"25281780-BB","mastercard",5108752346036417,"#mi1355"
"73132028-NT","americanexpress",337941432056900,"#su7187"
"93271719-GA","americanexpress",374288297315060,"#uu8842"
"69059837-MW","mastercard",5108751089990384,"#Iv1933"
"61246712-TI","visa",4017951552950658,"#zi5399"
"96136095-KC","americanexpress",374622806000047,"#XO5882"
"62083322-TY","visa",4041592530653707,"#Jd5375"
"19999199-HU","mastercard",5100135587282494,"#Cq6459"
"22567295-CZ","americanexpress",337941527110687,"#As2890"
"96327591-UR","mastercard",5048374288557673,"#uw7637"
"04386630-UW","americanexpress",374288721225620,"#Xa7116"
"39239907-QI","mastercard",5108755544300576,"#zq0448"
"48824163-TB","americanexpress",337941930111975,"#Nf9103"
"62681265-FH","americanexpress",374622761145753,"#Bm7594"
"74106259-GQ","visa",4041593828708773,"#de3280"
"65374317-GV","mastercard",5007663612703493,"#ii6562"
"75273359-KH","visa",4041377725759,"#wg7690"
"78905960-GA","americanexpress",374622692229064,"#tP4838"
"84332930-HH","visa",4017956289538577,"#Nv6163"
"58808158-YN","americanexpress",337941809835548,"#JC3044"
"23913219-DZ","mastercard",5002357057053002,"#Fv4774"
"64419838-OR","visa",4041378601702437,"#xo1393"
"31300947-TT","americanexpress",337941403228520,"#Kn2275"
"03457779-UZ","mastercard",5010121552363633,"#Vk0743"
"44219883-BQ","mastercard",5100174713438779,"#ky6854"
"33190700-YQ","visa",4041599831631191,"#pr1926"
"06581885-BO","visa",4041598943666673,"#XK8135"
"62437457-NR","visa",4017952911619646,"#VV5362"
"20758012-DO","visa",4041591751409,"#ps1395"
"23818013-DV","mastercard",5100178054921236,"#wa3881"
"75033053-GU","americanexpress",374622172269960,"#EZ7354"
"99570310-JT","mastercard",5108756463509072,"#Hh8142"
"26059245-WJ","visa",4041597594837,"#Bx2267"
"84462855-DB","americanexpress",374622570774884,"#iM7133"
"03349315-JM","americanexpress",372301897090462,"#cs6327"
"58666099-JM","americanexpress",337941087390927,"#rL2486"
"35268347-XY","mastercard",5108758693847926,"#tF5897"
"17255106-WS","americanexpress",374622386934268,"#ma4311"
"74989111-BD","americanexpress",374288923490980,"#VA5254"
"48364471-UU","mastercard",5048370535555916,"#sm6909"
"81692003-JZ","americanexpress",374283729924332,"#mj2421"
"13119836-TP","mastercard",5002358938630869,"#jA8099"
"89413569-LT","visa",4041597201597976,"#Az7329"
"13634332-UE","visa",4041595824637294,"#kL5632"
"93000783-EH","visa",4041378402937,"#wq5956"
"39196331-PJ","americanexpress",337941076371540,"#Pw9856"
"31448574-WE","visa",4041593061037328,"#nI5014"
"15967712-UY","mastercard",5007663037254361,"#qh4732"
"32737916-OG","visa",4041593399181,"#nk5763"
"78271235-NI","visa",4017953745716996,"#Lj3849"
"51724008-HI","mastercard",5108754956149456,"#Ai8568"
"40122716-RK","mastercard",5100179626880264,"#bP5841"
"67327219-MD","americanexpress",374283603199860,"#QG3177"
"18870677-PL","mastercard",5108753397706718,"#KP6803"
"21944270-SM","visa",4041590765756,"#xQ6077"
"07850557-TM","visa",4041595047655,"#TJ2085"
"19887975-KC","mastercard",5100138401918194,"#Te6973"
"60640477-VY","visa",4017955561932995,"#eQ6890"
"13686476-AM","americanexpress",374288220780711,"#mw5199"
"54534776-GH","americanexpress",374288543883499,"#Bv5844"
"68035685-AN","mastercard",5048376765720559,"#cx1680"
"47048548-MS","visa",4017952058057246,"#Ny5356"
"68610898-DL","americanexpress",337941369017602,"#Bq0253"
"83906636-FH","mastercard",5100138907909507,"#Uy6319"
"32821691-SM","mastercard",5108752778885919,"#XD1765"
"25040977-SM","mastercard",5002351778368179,"#vy9151"
"51891407-XG","americanexpress",374288246291677,"#wI1705"
"31743283-JI","americanexpress",374288597693265,"#Fz4538"
"91032194-ND","americanexpress",374622534302301,"#fH0232"
"48971162-TN","americanexpress",337941581646915,"#GU2648"
"93812007-VC","americanexpress",372301228777522,"#jq6408"
"87766639-PI","mastercard",5002358791650392,"#Hr9928"
"68980982-OU","americanexpress",374622510279564,"#ya3353"
"99957030-MZ","americanexpress",374622862468476,"#jn1235"
"30422405-XV","mastercard",5010124098312981,"#nL2149"
"61531563-AE","americanexpress",337941071917826,"#Di7154"
"26525410-IX","americanexpress",337941889876362,"#XN6864"
"08153424-NY","americanexpress",374283520336231,"#aL8092"
"62091782-LC","americanexpress",337941553614180,"#xM1914"
"23454592-ME","mastercard",5100172528541225,"#FB2851"
"37943743-AJ","visa",4041599951907439,"#rk9771"
"73508358-QE","visa",4017953226581448,"#eB6816"
"56383516-GV","mastercard",5002351071594604,"#Sh4031"
"78787833-RU","mastercard",5048377966621463,"#Lt8753"
"02997000-GT","americanexpress",374622345321888,"#yS2007"
"71572634-HD","americanexpress",337941618266125,"#Hb2287"
"94673835-BS","americanexpress",374622424919719,"#Xv9106"
"02907027-CP","americanexpress",337941103261433,"#xe5560"
"84899300-KE","americanexpress",374622955985931,"#GO9921"
"30412090-FO","americanexpress",374622210907068,"#NQ6553"
"03719470-LV","americanexpress",337941537715079,"#nh2542"
"02528084-EV","americanexpress",374283017122557,"#LO5657"
"03868324-AT","visa",4017956100853,"#kg5548"
"31066609-DF","visa",4041370559098,"#eR1340"
"62552914-YC","visa",4041599561079041,"#ub6023"
"11571943-GS","mastercard",5007661253750534,"#Ne9226"
"11419642-LL","americanexpress",374288718344285,"#za8944"
"70659327-VI","visa",4041593735580844,"#kw2654"
"31599143-DX","americanexpress",374622131943325,"#qY9083"
"70535378-AC","visa",4041594921058,"#pq4462"
"00611169-RU","visa",4041597234602298,"#GZ3184"
"21028467-NM","visa",4041372499822,"#ma3597"
"30022554-CD","visa",4041372933184,"#dq0745"
"10265681-QR","visa",4041597923721,"#MH5031"
"61575758-NV","visa",4041596741181,"#me3812"
"22685376-UZ","americanexpress",374283292495272,"#AV2501"
"69939386-SN","visa",4017950687015726,"#oh3000"
"19005595-GN","americanexpress",374622158557453,"#Hk8058"
"40414610-RO","americanexpress",337941236749353,"#op3966"
"67313601-CZ","americanexpress",337941242578416,"#Up3457"
"66150008-NS","mastercard",5100143140228681,"#gw2015"
"49828636-BV","visa",4017956445898600,"#iR0555"
"12915827-JX","visa",4041598545143,"#Vt4025"
"37195271-OK","visa",4041593326098909,"#GF7013"
"45236270-MI","americanexpress",374622356583467,"#JM2335"
"70448618-RJ","mastercard",5100142329005795,"#lf5581"
"25850606-NU","mastercard",5002355393048959,"#FR9412"
"58785816-BK","mastercard",5048376627428482,"#jO2159"
"51931159-TD","americanexpress",374283705415560,"#iC0377"
"94820971-NT","mastercard",5100135268575968,"#hZ5307"
"88612066-VI","visa",4017959670118,"#wi9610"
"24434941-LL","americanexpress",337941687888577,"#NE7607"
"40337755-ML","americanexpress",337941133798628,"#JN6937"
"14438052-PV","americanexpress",374283825376759,"#Hd6901"
"51765700-IO","visa",4041591951760678,"#nd6259"
"04939190-TX","americanexpress",374622953259305,"#Iv6299"
"53283426-GD","mastercard",5007665173623457,"#RP8325"
"30837956-YG","visa",4041591583679,"#kX9831"
"98496697-TF","visa",4041373114089521,"#BU3145"
"34873878-ZB","mastercard",5108759473674126,"#Hx6667"
"38065440-RD","mastercard",5048375978711769,"#BD5529"
"13649876-RA","visa",4041591955081949,"#HG7737"
"66058958-OB","visa",4041378672104067,"#Rz6840"
"49944977-XA","mastercard",5100142594302844,"#jP0897"
"79625335-QZ","americanexpress",337941608780382,"#is6086"
"20947834-MO","americanexpress",374283092895747,"#Vr4741"
"19181988-DZ","visa",4041598086147002,"#ds7050"
"40970549-JA","americanexpress",372301033624000,"#VI1145"
"50057601-FC","americanexpress",374288364337286,"#uY8438"
"45924385-BB","mastercard",5002350558479511,"#LZ1168"
"81931556-SC","americanexpress",372301641684446,"#oT5801"
"30378091-XD","americanexpress",374283161987805,"#Yv7157"
"08473777-WT","americanexpress",374283803373455,"#do0712"
"75750769-MJ","americanexpress",337941018988567,"#qZ8753"
"63336826-WW","mastercard",5002357828270067,"#PD7786"
"60340994-UU","visa",4041596129333696,"#cy0459"
"29528609-HT","visa",4041594469637,"#XK8140"
"70384495-KK","americanexpress",337941232788439,"#qP6815"
"79063553-NL","americanexpress",337941035756716,"#eC1147"
"09581269-YO","americanexpress",374283128530607,"#Zq5695"
"57522323-EI","mastercard",5100146144829800,"#Km7514"
"06050265-JN","mastercard",5108759875589492,"#Wg3708"
"12813935-JG","americanexpress",337941981845620,"#UU7831"
"28225603-ZS","americanexpress",374288144079117,"#gM8714"
"27406728-PA","visa",4041374570129371,"#Ok6280"
"01902330-RY","visa",4017955779509,"#Xq8062"
"56123552-VC","americanexpress",374288885609577,"#an1894"
"63033643-JV","mastercard",5100138591400797,"#cI0169"
"04417288-FL","visa",4041591504667,"#eM7155"
"12883307-IH","americanexpress",374288048954043,"#RC9285"
"51352863-PV","americanexpress",372301233187352,"#xE1139"
"21664150-VL","americanexpress",374288299607902,"#hg9434"
"98859614-PY","mastercard",5048374210303873,"#BI2806"
"77326501-PA","mastercard",5100174191469395,"#HK6995"
"54175789-EE","americanexpress",374288463372820,"#pL4655"
"08202382-SC","visa",4017958925653,"#pp3995"
"24804372-ZZ","americanexpress",374283068233204,"#FW6048"
"27045674-ZW","americanexpress",372301545458087,"#lc7239"
"87664034-FG","mastercard",5100173680360107,"#Xh9965"
"49094965-XE","mastercard",5108755492230965,"#zG5483"
"32358419-WD","americanexpress",374622122028086,"#XV9143"
"56009368-OJ","visa",4017959532565,"#Sb9842"
"97913457-YV","visa",4017951489277,"#qf1190"
"57492753-GS","americanexpress",374622649538435,"#lo9112"
"14550711-BX","americanexpress",337941929091410,"#WV9160"
"66139930-BZ","mastercard",5108751041869387,"#RW5854"
"06755960-MS","mastercard",5108752224027165,"#Xj1123"
"47944675-XX","mastercard",5108756486584870,"#Bu5442"
"66133141-MH","visa",4041597257641215,"#bF3749"
"04097022-XC","americanexpress",374622977604783,"#DR9894"
"57555541-KC","americanexpress",374288598027497,"#LR7267"
"53187236-FX","mastercard",5100176378111898,"#Eu0012"
"09042866-VY","mastercard",5007662602196437,"#wo8390"
"36280777-FJ","mastercard",5108755685947946,"#lN3059"
"91567461-LY","americanexpress",337941526392310,"#rN6031"
"69146426-XM","visa",4041591027752790,"#Gx8568"
"23632635-LR","visa",4041595853748,"#AB6823"
"31191453-BE","mastercard",5048376815867616,"#tA2700"
"15673728-NP","visa",4041372980319780,"#Af9586"
"94640369-SB","mastercard",5100130270521365,"#yI7704"
"44363665-CO","visa",4041590399713,"#dS3041"
"25391525-OM","mastercard",5007665062232543,"#HQ3967"
"07188567-PF","mastercard",5100134308226914,"#PY2840"
"99348313-TZ","visa",4041592351611867,"#IB6704"
"45664505-VQ","visa",4041598465763,"#nC6177"
"21674335-LX","visa",4041592039374,"#wa1578"
"40642504-OF","visa",4041371079385,"#zr1943"
"15229845-UU","americanexpress",374283381775790,"#eZ4792"
"17982676-VS","mastercard",5007662810138668,"#Fg7993"
"90119886-XI","americanexpress",374622795679892,"#Dh7516"
"41142653-IJ","americanexpress",374288851431279,"#og7392"
"55222317-GK","visa",4041596250076,"#Hq8487"
"19772927-VS","visa",4041598322501,"#RM6869"
"70862917-UW","americanexpress",374622079802566,"#Ub2676"
"76353350-OQ","americanexpress",374283087251401,"#Kt8639"
"56456643-SG","visa",4041592648783032,"#aN8032"
"69230659-KO","mastercard",5108757062972422,"#af6300"
"91192747-QE","americanexpress",374622576320807,"#tJ2062"
"41054129-MI","americanexpress",374283221595549,"#qe3921"
"88326513-NR","mastercard",5048377001850564,"#BI4402"
"69817054-SL","americanexpress",337941371020065,"#Hb3622"
"72834448-JC","americanexpress",337941299139062,"#Pa6429"
"70728527-GB","visa",4017955361258021,"#Hd9883"
"35872586-VS","mastercard",5007662755799813,"#Rx9164"
"75791508-FF","americanexpress",374622588426956,"#Qu0266"
"49144988-TJ","americanexpress",374283687679779,"#qJ7529"
"71499957-ZT","americanexpress",337941036706116,"#Ax4788"
"14986519-TY","visa",4041592919872,"#qV4151"
"71482952-ED","americanexpress",374622062321343,"#In0753"
"19205736-SJ","mastercard",5100137819612860,"#DD7181"
"30546083-NR","visa",4017950680363,"#gw0158"
"85967557-ZQ","visa",4041590412185,"#OO5765"
"99476503-OA","americanexpress",337941704233187,"#UM6855"
"56639651-QK","mastercard",5100178178640175,"#QQ5462"
"94028668-MC","americanexpress",372301014444568,"#Dp3971"
"90371413-LX","mastercard",5048373073266847,"#OJ3601"
"82754685-ZQ","visa",4041374749562,"#hI1671"
"42654425-QO","americanexpress",372301944970484,"#ZM3904"
"41449964-PZ","visa",4041590006112059,"#FK8308"
"37819209-XU","mastercard",5100135127928598,"#xJ1069"
"35856637-VY","mastercard",5007664890727329,"#we4962"
"50301383-FG","mastercard",5108753503815981,"#Pj6338"
"20116339-YK","visa",4041592394183,"#wI8571"
"71457860-XR","visa",4017959966635237,"#fQ4643"
"40298693-MQ","americanexpress",374283672577939,"#pN0739"
"93593565-ZW","mastercard",5002350530907209,"#Nu6955"
"37482783-PS","americanexpress",337941726295487,"#Qc5743"
"01292986-GX","americanexpress",374622460959173,"#gI1699"
"08493716-VW","mastercard",5100139059122923,"#hd2381"
"78685103-DF","americanexpress",374288306877233,"#HW0623"
"21115713-LJ","americanexpress",374283323609370,"#OL2795"
"78024734-UU","americanexpress",374622653172287,"#am3068"
"70821477-JN","mastercard",5048379338849806,"#IS8105"
"31133720-MY","mastercard",5108752614796148,"#TR7624"
"09632050-WR","visa",4041595283599,"#kF9265"
"02095829-QQ","visa",4041598686418,"#GA3143"
"88144247-FH","visa",4041593110778,"#Gn3515"
"41846471-IC","mastercard",5100134438509643,"#tB9420"
"35959023-EH","americanexpress",374283970993226,"#oq6195"
"66359179-QS","mastercard",5002352657759017,"#JH7402"
"07574946-OZ","americanexpress",374622091584002,"#ZY6892"
"92783285-ZG","mastercard",5048374717541207,"#Ux9510"
"71323546-ZP","americanexpress",374622951632511,"#Br3619"
"53632623-RE","mastercard",5100146035267615,"#AT0209"
"21319192-YI","americanexpress",374288189215741,"#WZ2365"
"87772287-AM","visa",4041374999514,"#aY4471"
"55412444-JC","visa",4041377967476,"#Cd0906"
"65308159-GN","americanexpress",374622835013912,"#vJ0216"
"20191740-JN","americanexpress",374288416505914,"#SW8480"
"78112284-KR","americanexpress",337941616265319,"#LI5015"
"23981616-DJ","mastercard",5007662508085858,"#Ry4750"
"43479971-EI","mastercard",5010126703118562,"#or9207"
"72155532-DN","americanexpress",374283603862327,"#fm6745"
"16753461-LA","americanexpress",374622423642155,"#qi0436"
"43706514-NV","visa",4041593026842,"#es1630"
"92613787-DL","americanexpress",372301707078012,"#WR4062"
"61581845-ZM","mastercard",5100175761775988,"#OJ8301"
"24243245-ZW","mastercard",5010124979204851,"#wN0647"
"82696899-FK","mastercard",5007662940566614,"#HX7795"
"92673665-OD","mastercard",5010128241761689,"#Xw4551"
"84172115-RH","mastercard",5100140011001585,"#au3749"
"33096533-CJ","visa",4041370086316,"#iS8347"
"38190052-DU","mastercard",5007666217899756,"#oN2618"
"04507521-NM","mastercard",5002355883432762,"#KB6375"
"43244088-BK","visa",4041599589780539,"#dp5684"
"10955871-XR","americanexpress",374622872010870,"#om3447"
"75612868-ZW","visa",4041597912016050,"#ih8795"
"26453101-ZB","americanexpress",372301579715352,"#yV6637"
"66157949-IX","mastercard",5002356066947733,"#Yf1122"
"47328029-TG","mastercard",5048370779013960,"#hV7255"
"02149571-DD","americanexpress",374622935261874,"#Qd6108"
"92277226-II","mastercard",5048379831747424,"#CW1581"
"90878039-GN","visa",4041592608558,"#Ij5495"
"22351905-BP","americanexpress",374622564798071,"#bc7877"
"91694430-CG","americanexpress",337941100867422,"#WE0831"
"52727790-QA","americanexpress",374622620170729,"#Ga7354"
"27436944-TI","americanexpress",372301416027896,"#lB1440"
"59747738-DN","mastercard",5108750315581736,"#Jw7666"
"39217578-EH","visa",4017954548289744,"#Kc4254"
"19320848-LB","visa",4017958921876,"#eI0469"
"28459074-GC","americanexpress",337941602859604,"#PJ5250"
"70525057-WE","mastercard",5010126297109480,"#Ya2844"
"27231919-RR","mastercard",5048375551581654,"#NH1679"
"07047856-SB","americanexpress",337941533914163,"#Ig3264"
"45838595-OT","mastercard",5007663885707262,"#bP1683"
"54048301-AO","americanexpress",374288248189648,"#zs5492"
"25891583-TK","mastercard",5100145052980043,"#kw5050"
"01465118-CU","americanexpress",374622200468709,"#Bw8728"
"26600160-FV","mastercard",5048372096737636,"#dg5949"
"96428725-UI","americanexpress",374288603098418,"#WQ5201"
"03156924-UK","mastercard",5108759988123858,"#lv8337"
"80179897-DL","americanexpress",337941928288983,"#EW1836"
"49589377-IS","visa",4041591762990126,"#LP6067"
"08977384-QY","visa",4041598373325550,"#lZ8042"
"28458139-QX","americanexpress",337941191146504,"#Yg5385"
"58618420-ZB","visa",4041590041409189,"#xV2254"
"17959520-AO","visa",4041599876031836,"#Zz7464"
"77105615-ER","visa",4017958990897,"#dB4927"
"02870969-MI","americanexpress",374283588270181,"#Nk9970"
"66338313-SH","visa",4041371452525,"#SH3896"
"03308898-NH","mastercard",5048376738722542,"#Cr4568"
"23799753-PH","americanexpress",337941694630699,"#ki7873"
"66574078-HN","mastercard",5007667623357926,"#Eh0161"
"86232743-FC","americanexpress",337941671636230,"#Wz5511"
"76254879-OJ","visa",4041593349955440,"#JQ0258"
"08552025-DR","americanexpress",374622608134952,"#Fj8199"
"05499546-VX","visa",4041379206287,"#SI7572"
"35164264-LV","americanexpress",374283912390838,"#Rx0275"
"88303868-TH","americanexpress",374622258982023,"#ee5192"
"53798179-QU","americanexpress",337941989486658,"#hm8517"
"92547355-NO","mastercard",5100172129806779,"#hz3715"
"17448042-AA","americanexpress",337941512662288,"#xe0651"
"21260381-QS","mastercard",5108755414438712,"#OT9902"
"22754708-UB","mastercard",5100146519361454,"#vI3487"
"18652479-AH","visa",4041592945485646,"#Zf7750"
"01091959-NH","visa",4041591460274,"#cA1269"
"02929648-NJ","americanexpress",374622954053780,"#cg3418"
"37403731-GC","americanexpress",374283202438040,"#GG2980"
"26973025-NJ","visa",4041599849738525,"#Hf4946"
"47183671-KD","americanexpress",374288531579026,"#vu5142"
"14706499-FB","americanexpress",374622392202817,"#pm1456"
"04445497-WE","mastercard",5010121578020480,"#en3809"
"00149999-FV","mastercard",5048376821824155,"#en5916"
"47404643-HW","mastercard",5108758350056316,"#Ii4398"
"16890866-TQ","mastercard",5100136182722678,"#wm7578"
"82776360-CK","americanexpress",337941319906904,"#Xe2037"
"80570678-ZF","mastercard",5108756754806468,"#RD9365"
"31654544-SE","visa",4017953832732328,"#Gs1392"
"28519169-MM","mastercard",5010128842748283,"#vh3918"
"99071878-PP","americanexpress",374622024963265,"#cM8507"
"93011785-VD","americanexpress",374622228140231,"#Br8948"
"95388782-PK","americanexpress",374622346130999,"#Od4126"
"42354228-VI","visa",4041377170777200,"#Zm8852"
"71933722-ZA","americanexpress",337941520197830,"#iF9590"
"99527630-JN","americanexpress",374288955699276,"#WI1588"
"54946589-FN","mastercard",5108757948112078,"#zX0686"
"85320372-XD","americanexpress",337941480632826,"#kY5195"
"35423354-YH","visa",4041370757965,"#Ff4302"
"63552063-LC","mastercard",5048378746500308,"#iI2977"
"61484522-HW","visa",4041375638049006,"#Gm7159"
"94958746-SW","mastercard",5007665578880801,"#jZ3864"
"05159869-ZG","americanexpress",374622242813268,"#UN4574"
"35553744-KK","mastercard",5108759122774863,"#pL6832"
"94759797-TF","visa",4041596498814763,"#TC3782"
"09113045-SQ","visa",4017953312998,"#HI0165"
"45833947-UE","mastercard",5100139333243800,"#Wh5375"
"08829977-OB","americanexpress",337941442011838,"#is3971"
"79611554-RZ","visa",4041597085892949,"#zv5642"
"64756264-OB","mastercard",5100136220678080,"#Ns2344"
"13871180-GQ","mastercard",5048374138559911,"#qO0563"
"53738255-OU","americanexpress",374283989580766,"#wf9531"
"61965138-FO","americanexpress",337941606586005,"#sF7758"
"93389625-XO","mastercard",5108750973255821,"#nK5972"
"09750783-KJ","mastercard",5010122850858209,"#Sg5216"
"13883036-ZB","visa",4041375333234,"#qN9161"
"17717761-FP","visa",4041593028046,"#ns5545"
"12319172-VD","americanexpress",374283178997086,"#TE0064"
"56093544-LK","mastercard",5100143820826572,"#OH1094"
"70098896-HX","mastercard",5100170940315756,"#ZW7821"
"60948063-CS","americanexpress",374283757480447,"#qH4915"
"07443931-ND","americanexpress",374288919280908,"#of8088"
"28354037-OA","americanexpress",337941443148332,"#oZ2167"
"82184003-SV","americanexpress",374283911271021,"#Zs4484"
"24765387-VT","visa",4041593570377,"#iw8485"
"92241441-QF","visa",4041592123521535,"#zS2916"
"84161617-AK","americanexpress",374622532244893,"#Je3273"
"90384938-TR","americanexpress",374288712445724,"#sN2379"
"06981028-TG","mastercard",5007663085575261,"#Bp9564"
"70608006-ZM","americanexpress",374283046162160,"#Ti7651"
"28471594-PR","americanexpress",372301121876181,"#Mc4136"
"08450144-NP","visa",4017955965597899,"#LQ1624"
"58315676-TN","visa",4041599900305,"#VT1147"
"18168370-ZW","mastercard",5002350150571707,"#Yq6154"
"76669129-CV","mastercard",5100147716794794,"#re8903"
"84082695-TZ","mastercard",5108759890898530,"#Ut6933"
"19130642-AB","americanexpress",337941881782048,"#aR8833"
"68625873-XO","americanexpress",374622484175475,"#dA9748"
"65055665-ML","americanexpress",374622737644244,"#EO9315"
"08653963-YY","americanexpress",337941576102478,"#fJ6957"
"91396591-FI","mastercard",5007668416785943,"#mY2176"
"98426931-VO","mastercard",5100130488342091,"#rZ5605"
"12115347-MH","mastercard",5002350409841414,"#kS7415"
"26852317-BK","americanexpress",337941166593524,"#ub4746"
"36792166-ES","americanexpress",374283199872375,"#vJ5222"
"58952935-NF","americanexpress",374288703173277,"#nZ1233"
"19952702-KT","americanexpress",374622330038950,"#jc0540"
"95986679-BF","visa",4041590032852769,"#Qn4524"
"54528765-VP","visa",4017952676617,"#Lw3768"
"03370515-NQ","visa",4041370734787138,"#OK0896"
"78102531-LY","visa",4041373012160,"#YH2035"
"84343214-RN","mastercard",5048376452215145,"#JF1437"
"85156174-TB","americanexpress",374622110435764,"#Mi1768"
"29294124-RH","mastercard",5002351555460694,"#RA1474"
"46536328-JC","americanexpress",374288851870849,"#Tw3705"
"01907977-NL","americanexpress",374283575954201,"#nd7007"
"18781114-QT","visa",4041593866881466,"#QR9532"
"98312833-FM","mastercard",5100135111784296,"#Tv5347"
"45707358-FX","mastercard",5100139407409048,"#GF2575"
"22654821-PU","americanexpress",337941089140643,"#nv0224"
"86667147-GA","mastercard",5100149776562418,"#rs9362"
"51633586-SB","americanexpress",337941186551668,"#ER8800"
"85791979-ZV","mastercard",5100172109178603,"#NY8883"
"75131167-CO","americanexpress",337941701069386,"#Ga1619"
"46122910-TC","visa",4041374005320,"#JF0061"
"51519517-CH","visa",4017951622315,"#ME2897"
"23066172-NC","mastercard",5108754330893373,"#qf2679"
"83755154-MG","visa",4041596093575,"#pE3623"
"38024046-MZ","americanexpress",374288186717574,"#Xr4145"
"00228100-JN","americanexpress",374283948643127,"#JF5817"
"37429127-LO","americanexpress",337941474143574,"#qI9865"
"21155552-IB","americanexpress",374283283250710,"#kX4201"
"48654296-HJ","mastercard",5100179499379972,"#sT0020"
"36569911-LW","visa",4041591469077,"#MJ0777"
"05556844-SJ","visa",4041592715684,"#cL6246"
"03048971-MT","americanexpress",374622486559353,"#VZ4264"
"08344616-VK","visa",4017951153653644,"#Yx2860"
"69189483-LV","mastercard",5108753828500383,"#KD7803"
"81494696-PL","mastercard",5108756062784340,"#lf1063"
"19757092-RJ","americanexpress",337941870594321,"#Pj7539"
"28860213-VD","visa",4041372674355520,"#fv4423"
"05950693-MH","mastercard",5100143955393422,"#Ga8759"
"60864654-AB","visa",4041597292332986,"#Jt4124"
"48957531-JB","visa",4041370007825,"#Op4505"
"09149714-CM","mastercard",5108754070075900,"#Qu7424"
"14695718-TO","mastercard",5100179219389681,"#fo3966"
"69460167-FK","americanexpress",337941405296020,"#LI1126"
"74437394-GW","mastercard",5048371452911835,"#HT3199"
"30934841-CQ","visa",4041590122152468,"#xq7001"
"79205250-FK","americanexpress",337941039648315,"#Pg0681"
"95274299-UY","americanexpress",374622201427662,"#Ph0584"
"37339360-GE","mastercard",5048379403123384,"#le1625"
"83681839-JF","mastercard",5002355245976092,"#Bx4091"
"67033410-GV","visa",4041598821576101,"#MS3502"
"99693611-OR","americanexpress",374622857020126,"#th0931"
"86210124-YV","visa",4017955426832281,"#Qq4434"
"16830386-ZQ","americanexpress",374622441957809,"#dP1818"
"66367221-HC","americanexpress",374622595552547,"#Ao6467"
"88644100-HR","mastercard",5100134470431078,"#QJ3158"
"16510987-OR","mastercard",5100171690083594,"#HT9793"
"80595441-ZV","mastercard",5002359960131818,"#tH7092"
"11870393-YL","mastercard",5100130304125597,"#hH5405"
"75059625-ME","mastercard",5100170725442932,"#JX6405"
"80822222-XP","visa",4041593206154,"#ZO5196"
"71191953-WS","americanexpress",337941238098577,"#qM2212"
"24539013-EH","mastercard",5100138288901958,"#hw8761"
"43942420-HE","visa",4017953482840090,"#nH3209"
"46530797-ZY","mastercard",5007661574364478,"#hF8393"
"98361581-DE","mastercard",5100175490129481,"#Rc3240"
"86513501-MF","mastercard",5002354720958592,"#xs4723"
"52781098-XM","americanexpress",372301892031222,"#Qc8609"
"14538144-VU","americanexpress",337941238826423,"#po4130"
"48973989-ZL","visa",4041594921668732,"#xt8234"
"78346448-IK","visa",4041373867035952,"#qE8455"
"33559595-YY","visa",4041597272705151,"#Bk1773"
"50471739-ZX","americanexpress",374283441215431,"#rA9779"
"57957770-AZ","mastercard",5007665266672528,"#Yp2424"
"06786907-QJ","mastercard",5048377977377055,"#jx4210"
"32899322-GY","americanexpress",374622896077244,"#bR2373"
"64007126-AT","mastercard",5100131412255870,"#Qj2270"
"07438750-SP","visa",4041375153798,"#oC7504"
"30099107-ZU","americanexpress",337941166096304,"#sx0083"
"63589799-CH","mastercard",5048377355786588,"#Rd3920"
"29355990-VQ","visa",4041596467237889,"#bm7070"
"08260115-XK","mastercard",5100133253414921,"#hW3504"
"09519663-TZ","visa",4017957369184,"#jX8305"
"17341587-VQ","mastercard",5010123382319017,"#Al1227"
"28985337-VP","mastercard",5048376694415172,"#kp5837"
"69639832-NK","mastercard",5002359789819684,"#HJ5903"
"99875395-NA","americanexpress",337941672046629,"#hH9532"
"17079875-PJ","americanexpress",374622958563321,"#Sd7475"
"90797953-DX","mastercard",5100135111858173,"#wZ0516"
"33673982-YX","mastercard",5048375826870916,"#Zk8876"
"33205529-OK","visa",4017957248081121,"#Dg9856"
"57055050-GH","americanexpress",374283928718014,"#UO0437"
"77810450-PL","americanexpress",337941574307038,"#JZ9098"
"08286496-JF","mastercard",5100131038872694,"#HE8198"
"34493270-IY","mastercard",5108755759643926,"#Kh2692"
"27738462-JM","americanexpress",374288561585703,"#dQ5754"
"32232170-VZ","americanexpress",374622931098346,"#hG6035"
"74676227-NP","visa",4041373389037072,"#jX2216"
"40021225-NX","americanexpress",337941915883671,"#HM0952"
"09985183-UQ","mastercard",5048370060295441,"#tp5086"
"82586259-AL","visa",4017956844877841,"#QR8644"
"60560387-IA","americanexpress",374622482825063,"#eg1853"
"64045854-CX","americanexpress",337941117938307,"#Ji9299"
"72982455-BQ","mastercard",5048371057000356,"#le6398"
"17097536-BT","visa",4041593128406789,"#IY4769"
"74086257-KN","mastercard",5108751814974067,"#hZ1843"
"55165171-RV","mastercard",5108754927064826,"#UM7333"
"22681774-GP","americanexpress",372301437602263,"#oA0748"
"40130633-PS","mastercard",5048376109061470,"#aL0934"
"87596254-HS","mastercard",5010126675512933,"#ky8002"
"73014941-QD","americanexpress",374622430147107,"#JT6275"
"29200827-AK","mastercard",5100140785423452,"#qR2266"
"47741186-IW","americanexpress",374622395481889,"#cU7429"
"43651404-OA","visa",4017954569629919,"#lG5794"
"19587874-EH","visa",4041376227286,"#Fc1327"
"12926366-EZ","visa",4041593989597825,"#oN7029"
"91516017-GL","mastercard",5100170593113896,"#iV3576"
"10165555-YP","mastercard",5100134171197390,"#Sv4904"
"61779066-HR","americanexpress",372301373195900,"#RX2191"
"64874775-US","americanexpress",337941937718269,"#QU8945"
"06848409-MS","americanexpress",374622617966543,"#Ub8413"
"10172384-OE","americanexpress",337941480458412,"#WL3170"
"35183896-OC","mastercard",5002357572873272,"#RQ2437"
"10301967-TE","mastercard",5048370596762336,"#cp8923"
"69988608-CS","americanexpress",374283372537399,"#iQ1153"
"37337655-PV","visa",4041590528782,"#kH6521"
"62454535-AN","mastercard",5010121347569817,"#AN4518"
"80146377-ET","americanexpress",374288541961545,"#cw3083"
"93658442-ER","mastercard",5100141424011385,"#Zy1955"
"16606257-IS","americanexpress",374622381154359,"#yG9405"
"74260656-DY","americanexpress",374622802836071,"#sF7703"
"28361008-BM","americanexpress",374288256870907,"#nJ0285"
"39234443-CW","mastercard",5010124806673286,"#eX9044"
"78200917-KT","americanexpress",374288363071654,"#pA7640"
"50800945-RG","americanexpress",374283222592503,"#Dq7332"
"62245502-MH","mastercard",5108750688053032,"#zP6765"
"43310728-SR","mastercard",5048374166009813,"#XC0411"
